"row","sector","band_count","bands","term_hash"
1,"center/contact sector",1,"1","81062054768943566387762356890203581574325048531837014049686176378969897583821"
2,"center/contact sector",1,"1","56057699075122239154435693329158857143754440307563771272314102156711682939977"
3,"center/contact sector",1,"1","42956403219750431637364706519978043262636824524291583662929951876367089429069"
4,"center/contact sector",1,"1","50343289602358255916574680509902490730526908355074051335452644483886109094048"
5,"center/contact sector",1,"1","87182144416925672633476024284882581559311161808767423249368143324049827873914"
6,"center/contact sector",1,"1","44730773254162123036071202650868497741549458085390047952668775645974663069658"
7,"center/contact sector",1,"1","11871896473986740203537354596636143476432228017075003041498501808390958292866"
8,"center/contact sector",1,"1","87594754511798275501129679837028885148274308850111660068170113063976286255003"
9,"center/contact sector",1,"1","10905746703079998269972244604972371978818348034004189022903786715215152952157"
10,"center/contact sector",1,"1","35464670982088917560085653057795753510961371034866708448541260947665410934255"
11,"center/contact sector",1,"1","51868829220773460276455612962394847612686551816877321395555415931952045777065"
12,"center/contact sector",1,"1","81130104033413624909838474366457890885839512191438024567522646349487320017559"
13,"center/contact sector",1,"1","1414196364620424925581406423719828220228904081495581887319338927628997131925"
14,"center/contact sector",1,"1","37229489586259174582390565368676349147230285878605891623978021280066699348197"
15,"center/contact sector",1,"1","46620711372419996591367077644057791037028934222984205364274809138180789816831"
16,"center/contact sector",1,"1","112236181126235463380074403567341734443467305730951423002427579373980365083461"
17,"pair/two-band sector",2,"1;2","11004415001155935939560179934879760131716845233507430756940043066728280409600"
18,"pair/two-band sector",2,"1;2","66516748885300191657524907537526653710707174347034108202259865117277373130079"
19,"pair/two-band sector",2,"1;2","34813466297431924073192234121107381703053332716484430611359971014345492627570"
20,"pair/two-band sector",2,"1;2","101075478474042522310583572419537282006270101683156902377800979789079859838855"
21,"pair/two-band sector",2,"1;2","1795310495249329728582020928059843809367594117152304732582990620293134806718"
22,"pair/two-band sector",2,"1;2","111546944421339089814991101831920168578605131722468214602463816392767078921412"
23,"pair/two-band sector",2,"1;2","5815930621112367521649873057658896256951450870869074139184049500886006096609"
24,"pair/two-band sector",2,"1;2","15789744976079948334585658511972717595082717485254569888445694612394626260715"
25,"pair/two-band sector",2,"1;2","59120582473342128522051256086350846053658787644942692956134958614247025104764"
26,"pair/two-band sector",2,"1;2","61898702034836505746833851520737894306807763287199683366454014679639142693172"
27,"pair/two-band sector",2,"1;2","33855165530684116141283732929278886453502602925091276926494514568957759303783"
28,"pair/two-band sector",2,"1;2","52792449034061797443799878390748978254761894822794720682855519761774946871991"
29,"pair/two-band sector",2,"1;2","5147616766939969250509392875847137447428515677210071271278273851464431666080"
30,"pair/two-band sector",2,"1;2","90234749561802783550041317128837300020558197151011467613507367601271083997841"
31,"pair/two-band sector",2,"1;2","33294150732865232395037427665645939210521444537529988025267609405132369782106"
32,"pair/two-band sector",2,"1;2","103269257744150519179083558090277769109533478294668373849197336690752522058551"
33,"pair/two-band sector",2,"1;2","61841072262800953858132259328030792576170492064310579133152721867351370128889"
34,"pair/two-band sector",2,"1;2","46474038039201639245301627122438752359137748244384293600101255800160492661558"
35,"pair/two-band sector",2,"1;2","100919303098399156954906865835088803193248373672277147721692272333618860083216"
36,"pair/two-band sector",2,"1;2","97201309544020239740419253054238327260776224861577084503427762609442948732661"
37,"pair/two-band sector",2,"1;2","63202155516485830226241154800817011386911955029386002720045936205404750582834"
38,"pair/two-band sector",2,"1;2","26838371100255580123873636465520270283847022496493231864809385982734692492860"
39,"pair/two-band sector",2,"1;2","36185949058500193701094936514780672717490063368874884972445761005254808857177"
40,"pair/two-band sector",2,"1;2","32528049128993375999742299886190354898247681117471171821293800432055556949876"
41,"pair/two-band sector",2,"1;2","66039003606320245295345651133265478401175754013082711723384110082970469850207"
42,"pair/two-band sector",2,"1;2","18566928699707683885366754844164869541488624679841559513005474844998571928638"
43,"pair/two-band sector",2,"1;2","7777461215979351685581664214702778416492806892728932847213609813625169801739"
44,"pair/two-band sector",2,"1;2","82896569398875169349892654484197543041654661187181650222535917754339477531218"
45,"pair/two-band sector",2,"1;2","34089835689704960583526534567405553138431996814033467019982652596535000042579"
46,"pair/two-band sector",2,"1;2","57296134417590218317722024864523754207068260676553910601674385406346399612387"
47,"pair/two-band sector",2,"1;2","82906564513457954796151118928315919474524328431261915331168268349528692744344"
48,"pair/two-band sector",2,"1;2","86152003347535293956520560108718447818995291186080376138280357795596333424202"
49,"pair/two-band sector",2,"1;2","79558380610814156437212735968119486998182644115490513810267497048046916974559"
50,"pair/two-band sector",2,"1;2","47186245444510784946737248696261029271693493433659451199656563000257202165936"
51,"pair/two-band sector",2,"1;2","44678549682164944746648949518456752824799812833951632362445163443526952928355"
52,"pair/two-band sector",2,"1;2","11087082602675366741169090362882689279617108190761848552193005926299816456066"
53,"pair/two-band sector",2,"1;2","53658196188653402595254764392107233207526655663519390230488910293116648308882"
54,"pair/two-band sector",2,"1;2","66268932178899539119079360087930800247546186267909077318127785581480619577945"
55,"pair/two-band sector",2,"1;2","81435323605080177797106636163746740768481331471220360746846462366293276514844"
56,"pair/two-band sector",2,"1;2","86779829188399647211752521819889751167131915288687946822002902816486507718350"
57,"pair/two-band sector",2,"1;2","90007322101313185275897578777418150674027076085086217242982624184258095744719"
58,"pair/two-band sector",2,"1;2","34408255977165445052963658172039652379399620736668160648114984941849796059282"
59,"pair/two-band sector",2,"1;2","22701194694868191696191331214348780379028152658375779614240821437744967827488"
60,"pair/two-band sector",2,"1;2","35577649258777601044156974188945979144378070226272085679002165280463448054870"
61,"pair/two-band sector",2,"1;2","40777521282070747511381227190496359762874231174550373894050114734206846362087"
62,"pair/two-band sector",2,"1;2","87577474474203121518220759615968393435561959035129804113900857670300789051629"
63,"pair/two-band sector",2,"1;2","104587157795708995373912193449286099613691508004462027636986404422768862234194"
64,"pair/two-band sector",2,"1;2","58040072899889340298447195776584273667282472506721131068698421630308446330008"
65,"pair/two-band sector",2,"1;2","104856416074980752242958944689661870492323477157805864430065854258259138233239"
66,"pair/two-band sector",2,"1;2","9765228790215731583384135789661400083705931556234282432736125835268064707433"
67,"pair/two-band sector",2,"1;2","108954318829185739763114425244121949437788110752830330989353769460411516111230"
68,"pair/two-band sector",2,"1;2","101418723525660854469558935906752666020056003372211630450625906708580043004217"
69,"pair/two-band sector",2,"1;2","92754238038777921145858146427738905229066911591369778401174977602234272521025"
70,"pair/two-band sector",2,"1;2","23093598965887474501889124206621805752605296324587504242416474918151214435823"
71,"pair/two-band sector",2,"1;2","48746988120785754051694058750068817087746813488514030263729115006701427302832"
72,"pair/two-band sector",2,"1;2","44985750513190638329425471941361775042079035026691127447155133360458949908869"
73,"pair/two-band sector",2,"1;2","67556016758507558462588308583049501886439157021356807483405548133803725542963"
74,"pair/two-band sector",2,"1;2","112488553419306951673050945108399434453449736028514749253569308175825040122957"
75,"pair/two-band sector",2,"1;2","65176202239213390426367974185829434576806650282908931041165199703001857430523"
76,"pair/two-band sector",2,"1;2","78555171612216751076280689016324018950771552685546902620675385020416932455173"
77,"pair/two-band sector",2,"1;2","112847590827807794342778306627967102063828423463346426875866112261639652599718"
78,"pair/two-band sector",2,"1;2","26496170252332182756709757243820504237754053770880532109749366784807458971359"
79,"pair/two-band sector",2,"1;2","12620920252049929655558234127733810940263419088062675327736517455723017630752"
80,"pair/two-band sector",2,"1;2","51989811030126756948200543513358363182364397424969580618803879948064989931411"
81,"pair/two-band sector",2,"1;2","41793782618481612067186323783227877297986275385696678815424730965006664368511"
82,"pair/two-band sector",2,"1;2","83406926675709829248071221779517127298780783988052262926152204428253104116353"
83,"pair/two-band sector",2,"1;2","109385305866870968470513498251284907125185112180194168498343148057491716249014"
84,"pair/two-band sector",2,"1;2","84617211724650207824904631169755348181608613731129480658473458024706855377743"
85,"pair/two-band sector",2,"1;2","46810079317636697179082976505867954506815517935430765782608867991395131379762"
86,"pair/two-band sector",2,"1;2","69515932145947129511078577889978860968608269790327678057708258807495108318919"
87,"pair/two-band sector",2,"1;2","89095351358461904324359553708322926831179321274123458851788503256668807939580"
88,"pair/two-band sector",2,"1;2","19402961844854127134757146148108236237846314471577684825405527620430809123757"
89,"pair/two-band sector",2,"1;2","104435929809070125673851796939617358314271530943108528555021818641913839894360"
90,"pair/two-band sector",2,"1;2","81034039935112958951466307460443517851883293941834500561127228134861328312947"
91,"pair/two-band sector",2,"1;2","59647406815245914106523911136998496188897807344670027084733510678790843410744"
92,"pair/two-band sector",2,"1;2","43211622730811657484246249297246341102549121263101231959204199253706669049823"
93,"pair/two-band sector",2,"1;2","12192442159302475422084218320462132994955347239219596859841768964300592573167"
94,"pair/two-band sector",2,"1;2","20211801176409223059498908713909174760089334410381991228926112256340377329048"
95,"pair/two-band sector",2,"1;2","108561143375173539696525852137379313842366248595732397631206959158362828377242"
96,"pair/two-band sector",2,"1;2","96553289547477129852084957519489710910144829599077990180739013651961761373321"
97,"pair/two-band sector",2,"1;2","9598378019927491762227184640059577326174332759657286863762216624581938430800"
98,"pair/two-band sector",2,"1;2","33786196340514325606711675264340875968644071288343993758844382720489871482184"
99,"pair/two-band sector",2,"1;2","49858746479782135608251253616176808716478619094133601256002517952436353954292"
100,"pair/two-band sector",2,"1;2","68216433909435345429636289015843605079871690048750568003178235866260773325133"
101,"pair/two-band sector",2,"1;2","106284112594485474673683952548561644832545041656182767627391670891146101489963"
102,"pair/two-band sector",2,"1;2","7280310374068951434702276973651311800504494014270630618862104125689233971200"
103,"pair/two-band sector",2,"1;2","97091150413158767149098862138063610174143631496658738529738314701034702659990"
104,"pair/two-band sector",2,"1;2","35987098421412832168975968572411018600942239278629081863057364679803321667474"
105,"pair/two-band sector",2,"1;2","8794457529279823559259232152799052432969677679062919286319290300330739852369"
106,"pair/two-band sector",2,"1;2","3804205524221617090658584102979462480251938295900911950481242963168291126568"
107,"pair/two-band sector",2,"1;2","60266587015614362127554774155093083116520061208631784904992110877325771185631"
108,"pair/two-band sector",2,"1;2","10113797581218508195020786458954981875002645776419978171785311820491569401648"
109,"pair/two-band sector",2,"1;2","8640364413319885331780073022443220860871123081513346279774471016816265543153"
110,"pair/two-band sector",2,"1;2","21246810026090051973575193607848438027222579654140087928360560594651923952480"
111,"pair/two-band sector",2,"1;2","8722884545725410593472552693863685115920091282538987633931490519117558562019"
112,"pair/two-band sector",2,"1;2","47125332288913864014298734112564378968827669644069507838635974113426659994138"
113,"pair/two-band sector",2,"1;2","103060076056113235375029654716419583278775699087740909527148452684853791167695"
114,"pair/two-band sector",2,"1;2","41190863708451991936388080758115621455816542018595901476629040297782914011189"
115,"pair/two-band sector",2,"1;2","39332267078352828426243038012364729588446762511195455322026044051689533220148"
116,"pair/two-band sector",2,"1;2","97729233590854330275419925434223510751607687766229179213076669243524415790630"
117,"pair/two-band sector",2,"1;2","26414811005722393715633287409874711248389701640762685016991783219552048582152"
118,"pair/two-band sector",2,"1;2","48062188013348089682173873774027980774196529685169742285107117642202903848549"
119,"pair/two-band sector",2,"1;2","93949416931117139102481119753492696728549344589717139185952334749629487149487"
120,"pair/two-band sector",2,"1;2","61880391265868944274268672736000581462798719681773594826846358968875452839850"
121,"pair/two-band sector",2,"1;2","19859099708317847029284229525590580514654905375776683234390871467320951076494"
122,"pair/two-band sector",2,"1;2","34468724577706263238401184324861954739451005445907247205662570769189587214313"
123,"pair/two-band sector",2,"1;2","61362920740558078871560465829612475037015098470312251033614371294727997898227"
124,"pair/two-band sector",2,"1;2","107825994748651222554129696765703459594034419853541571846934348924489601644885"
125,"pair/two-band sector",2,"1;2","106493518836220342800784879469075521885783797795381236908871933455010002535796"
126,"pair/two-band sector",2,"1;2","58270505893901514489937137899230627892694084656266443150399515921947787937421"
127,"pair/two-band sector",2,"1;2","1252290972333542386139023755352509221546574964257769397064877060007801221429"
128,"pair/two-band sector",2,"1;2","64586229745496135177157189561113264584506695671400069593730096340195276013977"
129,"pair/two-band sector",2,"1;2","74973107080517061736940605303665285796146228032640567031221117809022195356218"
130,"pair/two-band sector",2,"1;2","115699627508700961872918242972166915514994339179554552909870259680578082164314"
131,"pair/two-band sector",2,"1;2","100872228949699392372652509076095597633510186587775972197876705188777357408985"
132,"pair/two-band sector",2,"1;2","92008227006180041230748980276793958198139224007385819147943585524768727884683"
133,"pair/two-band sector",2,"1;2","107367148677353409525260314603712453712013827859297338541411605760484804940471"
134,"pair/two-band sector",2,"1;2","72462222960750197390357075268263567144688562571366507637996136718899504869231"
135,"pair/two-band sector",2,"1;2","27829763663431502790632814553212751526196413374935882807760414767070425762830"
136,"pair/two-band sector",2,"1;2","103419547058221471587884169150838206270972168088956431824664430210184001362461"
137,"pair/two-band sector",2,"1;2","4584980914301203539281254344153622749781038770334012626629752046245720644245"
138,"pair/two-band sector",2,"1;2","80694753762315913454653143079376855517436322536122407888109092493522987163962"
139,"pair/two-band sector",2,"1;2","71389627615490153217475678092279854605827060594700055842978557125901075043556"
140,"pair/two-band sector",2,"1;2","88074747324386082656411014246268732786662649244437405768277057431298121940499"
141,"pair/two-band sector",2,"1;2","64569006847492204674477774160406403215607830353896338391725708417951988793418"
142,"pair/two-band sector",2,"1;2","109957714529532216839920520100646870842678760993910493489331087827101733757032"
143,"pair/two-band sector",2,"1;2","28876260982342834201193436956926697555931776461940501666128292618109003687744"
144,"pair/two-band sector",2,"1;2","31085054481699070372289886812018732099724469810728935693207457871675227647152"
145,"pair/two-band sector",2,"1;2","93952298690183807325003409792834972655704678755988063793256427696846828387706"
146,"pair/two-band sector",2,"1;2","11237698988976178976639812493532639734814650433463561626349330431450024675472"
147,"pair/two-band sector",2,"1;2","99083089712832217682753565320403677092796807079924763018787242218129680224398"
148,"pair/two-band sector",2,"1;2","67995206005508693693028185130549308129196276281791769851049506462568910163624"
149,"pair/two-band sector",2,"1;2","50899960946068153733040942273293725752944227294538488097146214039168413884173"
150,"pair/two-band sector",2,"1;2","26226156573410757001778358800596047105676891631945878477761032868803013191292"
151,"pair/two-band sector",2,"1;2","112035874401076190565622315647794558418857531814935145177844944253621860246922"
152,"pair/two-band sector",2,"1;2","18913216707440285012779693352563154160715905345682669998221167802590099297254"
153,"pair/two-band sector",2,"1;2","79028046358384690740345324965502829467006997602838842111047473755412764865112"
154,"pair/two-band sector",2,"1;2","74526576791459266013652878341581738586299445461362889205801350177877882170143"
155,"pair/two-band sector",2,"1;2","39618919327741684592978277542728985560020731064377231771207222427520936771362"
156,"pair/two-band sector",2,"1;2","72127689861116699383981693695838617164768489137232223435731477055850682202462"
157,"pair/two-band sector",2,"1;2","85108504287722743018273480912984283165584739926056711090668220944199285426191"
158,"pair/two-band sector",2,"1;2","17006316053704527270018819486074265335618095130507252855295319721658230771570"
159,"pair/two-band sector",2,"1;2","72739835028198620331958099027895816393395738805499045194988386298617597519189"
160,"pair/two-band sector",2,"1;2","63982486133131281634425761887237089912408336100692479303410411256108538182595"
161,"pair/two-band sector",2,"1;2","3267405975317575060712141315320681143592032430989976721008271120758141427234"
162,"pair/two-band sector",2,"1;2","111333313037328813205590476687269430376364121037405296701408083340961353822575"
163,"pair/two-band sector",2,"1;2","30199768242897033973484927461569748737960198438528461418718615858297374288082"
164,"pair/two-band sector",2,"1;2","3130698641430924339938746002569132808506448987321175913357924620750518397428"
165,"pair/two-band sector",2,"1;2","21624757070877118316780448061435900508291743862143943701413835688476964129854"
166,"pair/two-band sector",2,"1;2","87215556418345431609695040776677946548603941592934798609742878333878907067618"
167,"pair/two-band sector",2,"1;2","52042741363709364773390969686983121268080740722691494618598663600595373209150"
168,"pair/two-band sector",2,"1;2","39360613349878807213896768804051461382945123213721781307167706012573013598412"
169,"pair/two-band sector",2,"1;2","91962194471907697226325975120167537784376092415704292288081174749111295882402"
170,"pair/two-band sector",2,"1;2","57079372120475945447421413034791576425829569254833186939949118110617653752250"
171,"pair/two-band sector",2,"1;2","57266321088410434222119624513887285042589047067336046235577663355102200066107"
172,"pair/two-band sector",2,"1;2","78119371815597660143347430468893094739255878215024692118043224630963090150015"
173,"pair/two-band sector",2,"1;2","86571446206396733925521858374220980989407573318264731132541048593657123590922"
174,"pair/two-band sector",2,"1;2","47469915911775795805378081588578242913958941198203293049183754949637242463309"
175,"pair/two-band sector",2,"1;2","18966424282958805819249583468466656997150480957652411627611075070178666004512"
176,"pair/two-band sector",2,"1;2","100777008970688441007546806316317483752002139946070625813276714199093224044386"
177,"pair/two-band sector",2,"1;2","104114315213357057673861732348216187320978821507294270679590463947262323172954"
178,"pair/two-band sector",2,"1;2","87097313878916494404296804884416091825965910683780469508397065889562720772365"
179,"pair/two-band sector",2,"1;2","26338545274903191132781793403110780662540677413838179134458868981349540033168"
180,"pair/two-band sector",2,"1;2","77558168937243063096561627005119835322490610197028921002575684730440843245524"
181,"pair/two-band sector",2,"1;2","115562058977086945323126306289745991725114093550446394498802792133251139753430"
182,"pair/two-band sector",2,"1;2","43692575915613061651552067179436754206319862457937578689694762527881323042376"
183,"pair/two-band sector",2,"1;2","71332479448659370349787092424517859578313137244035159892787288845769116531076"
184,"pair/two-band sector",2,"1;2","30739499544526159927326152821689810842934695674410167557868756867771003196768"
185,"pair/two-band sector",2,"1;2","109339396885768079659258248572496367322636538733775685879936278818545304280850"
186,"pair/two-band sector",2,"1;2","99353254445205802281994679184261710556586591064670415199570575328222572780845"
187,"pair/two-band sector",2,"1;2","12892115527165674607458168618157040678371894126743451415816389825124344872825"
188,"pair/two-band sector",2,"1;2","40477239886403912211301008773068542980070583889827919499506607893567089131547"
189,"pair/two-band sector",2,"1;2","78840908782842546971968979523137598828264070806884926721722841949520085106288"
190,"pair/two-band sector",2,"1;2","34754284564101089238686193977473899146478925194604250635632608633393364592398"
191,"pair/two-band sector",2,"1;2","2485622371984796495848449901305488475871203729324111023949040324706697928865"
192,"pair/two-band sector",2,"1;2","21808797751992051594221518091598289453050871441528709932844556782364961452207"
193,"pair/two-band sector",2,"1;2","113599281227839506412179871369580459215673808768099508314942480090494632167822"
194,"pair/two-band sector",2,"1;2","60297387964110393600487121658977245149940316993921650993978427014110626681209"
195,"pair/two-band sector",2,"1;2","14619553673387192467742296875853874552084767696772144140496534874313897365375"
196,"pair/two-band sector",2,"1;2","48351440377688603183604217922358638172533470740773100333466141248245388377386"
197,"pair/two-band sector",2,"1;2","25902469400153428442139032678752106790486144135881333709598630677223154726886"
198,"pair/two-band sector",2,"1;2","77673402603499567623087979263444825232300594115795973202103158012824078364668"
199,"pair/two-band sector",2,"1;2","9563751040953290520565869960352940073738906785596291438855561775891788047694"
200,"pair/two-band sector",2,"1;2","45912748469367174450741299328637048413823304196081772817412407680283223048988"
201,"pair/two-band sector",2,"1;2","6913679926290831857718049992285459767183649415886624052705934941570815133234"
202,"pair/two-band sector",2,"1;2","23353228449360654468094065916534920144200990642508432312409033304289741546497"
203,"pair/two-band sector",2,"1;2","11840875633672661692459511584579285119352536963409922363445499709269161828860"
204,"pair/two-band sector",2,"1;2","80236953987189345041482093262595364891004999574611129398352478975517469053340"
205,"pair/two-band sector",2,"1;2","46641781300184833755827347008253178235110880463843366735685690304174785236805"
206,"pair/two-band sector",2,"1;2","69498156607410310312390114393189871191571193673454074369130537808209489730438"
207,"pair/two-band sector",2,"1;2","55416777025767910601394118858810607633526858389716558732328234338209592288533"
208,"pair/two-band sector",2,"1;2","18597145416363710245049922032930552463907499769259716031044009640883216637481"
209,"pair/two-band sector",2,"1;2","21494596637072089798722361012365196529845751290951309858709212735774695133182"
210,"pair/two-band sector",2,"1;2","94207792554620085937991389887923513546601014109262827100465401989609714807117"
211,"pair/two-band sector",2,"1;2","115224612590301415813438565167979747824682120643871014802975114277872748036123"
212,"pair/two-band sector",2,"1;2","40817101179939836969976622128593128935959549057852191099030040459938784360076"
213,"pair/two-band sector",2,"1;2","47626318411824353615756631982690419950696578544010892718122960193698326281947"
214,"pair/two-band sector",2,"1;2","30540244994580586811539146398470031360449192558738287491980582635795541922168"
215,"pair/two-band sector",2,"1;2","34437639999018038721998049304328786033922967538986938205995728954606974618816"
216,"pair/two-band sector",2,"1;2","110407859978658249904489060991739742420185898882871908533391878770568652526862"
217,"pair/two-band sector",2,"1;2","83925713901821851243918732993488504515702820524470765466176224837874778895910"
218,"pair/two-band sector",2,"1;2","357634413313223048116726468525841112758290415765227615910721498662477124719"
219,"pair/two-band sector",2,"1;2","114172926872971189586226020215867749485640568151603754653223654485889403774204"
220,"pair/two-band sector",2,"1;2","73282176063649897481848832131511549794621075110750197393588631497308432321257"
221,"pair/two-band sector",2,"1;2","75663081953968037252072464407753306055192933956409178375913471568296383723044"
222,"pair/two-band sector",2,"1;2","44686773050770470747602578588034560960115751987779862904686416724121474682593"
223,"pair/two-band sector",2,"1;2","100808111294170996143076552304975898027393894892006513381904480656805276912323"
224,"pair/two-band sector",2,"1;2","9716799705763045792489906017506049864181145239708983688411467294057836789960"
225,"pair/two-band sector",2,"1;2","70552823052060480348526005471342260921468811402780756419694390267528628334845"
226,"pair/two-band sector",2,"1;2","108212291820205986118934286575409878865946359155411329439390946602499598385427"
227,"pair/two-band sector",2,"1;2","7264977854225661856726971229763631864310695404400790317750389042039746840004"
228,"pair/two-band sector",2,"1;2","92320666406023100935867812328265200421078129973614669110328674833876131358988"
229,"pair/two-band sector",2,"1;2","99354574135463152790129017331347500694946820270816428667499199336867177473050"
230,"pair/two-band sector",2,"1;2","101785327952093938723398882191206068323143730180674517096026923191901167003656"
231,"pair/two-band sector",2,"1;2","25300969301461469213083661431112416530195143457658546251266026119277302660593"
232,"pair/two-band sector",2,"1;2","98617742199649056764046200517201417409421965495379104920963518212608823221700"
233,"pair/two-band sector",2,"1;2","60381315393408998326683424643973633002679195456464701375914348427697552147178"
234,"pair/two-band sector",2,"1;2","68327825492144491255110611388402568509028951255697873731277259784967446305642"
235,"pair/two-band sector",2,"1;2","55817246293378790071526628024825456445697039627220824188310611352838255744001"
236,"pair/two-band sector",2,"1;2","48294029488065810620121057129406899239040618953293224901182463265907799754667"
237,"pair/two-band sector",2,"1;2","89719664291757498843206025384656923687179304898387436635190984819603697226690"
238,"pair/two-band sector",2,"1;2","65213010338958438363584234653254956886938377657378732336880754040080164008235"
239,"pair/two-band sector",2,"1;2","48950982408226422737496740563634753288688490757688621193221844447118244272902"
240,"pair/two-band sector",2,"1;2","903965650474918594267325975059230168204394465956384901723692776467476090722"
241,"pair/two-band sector",2,"1;2","12357825404900055989517506576226481010015238554863499267896166931286631371729"
242,"pair/two-band sector",2,"1;2","110193820312293767866284556260761359521330102290839088356400344519500037597213"
243,"pair/two-band sector",2,"1;2","86378636605760002794610944199362241298389024970879270937468501801530773159073"
244,"pair/two-band sector",2,"1;2","591884572116731609589488984961640377432153963819984931249312113573076779491"
245,"pair/two-band sector",2,"1;2","101012469756158593721218832817014739353713692157830741592661526064309749381596"
246,"pair/two-band sector",2,"1;2","20394416192589550525684804071800547957325936092569798864871169328877692490674"
247,"pair/two-band sector",2,"1;2","54824435168152192485917910560074322225935177288337911278836157478135738705452"
248,"pair/two-band sector",2,"1;2","19511489075812888814859240772667909181212868065198320208037511220130179566169"
249,"pair/two-band sector",2,"1;2","98001286965775735466475380931417805129788704684712770558742513521561983034072"
250,"pair/two-band sector",2,"1;2","89667877175872075948622736652226785667392075744055905643494907324873312373628"
251,"pair/two-band sector",2,"1;2","78813759475773658122004774339443280353541596439906079641656081033616904585965"
252,"pair/two-band sector",2,"1;2","72708183016378332458730042558480693430761181031411006616290188707688222641354"
253,"pair/two-band sector",2,"1;2","26644082509597276811442054118394175946898127663283211457358417975963836236154"
254,"pair/two-band sector",2,"1;2","54497876638424400554814438925437442788555123241856685892568596430287531228644"
255,"pair/two-band sector",2,"1;2","20195957529420813141662350920586581040491574623422980277885118566214375875480"
256,"pair/two-band sector",2,"1;2","42815895797348040824127258595638780498900420434388224756735494134369998673461"
257,"pair/two-band sector",2,"1;2","29564176793601211812596001368788368000275404034313456803375075701783011794014"
258,"pair/two-band sector",2,"1;2","61216953018461079597712639490061621108346466619815665310234286914108790037528"
259,"pair/two-band sector",2,"1;2","83862163937660470287161952088797678552643416171342510773898023075977541062085"
260,"pair/two-band sector",2,"1;2","104922148021547705858101256876141171230353513759664738360227242578131864242552"
261,"pair/two-band sector",2,"1;2","2540372869119356032615224889713918822100120335729041181985481465203648719102"
262,"pair/two-band sector",2,"1;2","24796864183258107917366837790558544876707369691227340793418869588947167971553"
263,"pair/two-band sector",2,"1;2","17623335029306204063452972952375867812114661675768251217386166625067123257903"
264,"pair/two-band sector",2,"1;2","39560506248548606903800621045535337051242997082884634094984764961021573251977"
265,"pair/two-band sector",2,"1;2","55743941534026414477562311437710432987855845318900160938811020562046756668282"
266,"pair/two-band sector",2,"1;2","69570454890815816831172340686495113224208413925194482701558612393126458132143"
267,"pair/two-band sector",2,"1;2","27347454671211703581641683757624584384597872327389739794970825460115000953259"
268,"pair/two-band sector",2,"1;2","33766293199983596031541173892495985391209529919633380344393106970448909890240"
269,"pair/two-band sector",2,"1;2","40772200802159234261125465474573582791438011115340474792106353788439521471757"
270,"pair/two-band sector",2,"1;2","99859570705496858631049640235529846296760344705878992823509834015558120039471"
271,"pair/two-band sector",2,"1;2","62365545801866406968007140489706479077382339531065927296375124721204459806952"
272,"pair/two-band sector",2,"1;2","19268912467780218084630503381318657598521064022546651244272703665306938623883"
273,"center/contact sector",1,"2","43921043207965874215974312235143777593847839053787786983839204165278832885798"
274,"center/contact sector",1,"2","111546037494618819737073564642524835964807270909502706141445473030938646049309"
275,"center/contact sector",1,"2","69768152310065685425667449422553622693097238784362063715799605161764569061719"
276,"center/contact sector",1,"2","91462144759684691141600981933862044038700918562360412924521878734889493994823"
277,"center/contact sector",1,"2","23884735687113300282207475000723119084518447770680658977535517739040176614387"
278,"center/contact sector",1,"2","63411101557241801093280380491377658516803937784350660475826180576309386469793"
279,"center/contact sector",1,"2","66372682807649366211336685611693775377813630883915317362920754725275270788062"
280,"center/contact sector",1,"2","74306746679486629182111040224266235304020804706988259247798162946547243349216"
281,"center/contact sector",1,"2","102005354581225865032189789410224751939529720049922168205489137885300230750551"
282,"center/contact sector",1,"2","73023582064153925879664791032932531410848282648861775081933031725530264645461"
283,"center/contact sector",1,"2","60666388780426928041231955701232661320694532588872760059089145083889476929845"
284,"center/contact sector",1,"2","71947128119529876385612578487348023273427506381658896847313042795914284367276"
285,"center/contact sector",1,"2","28313922830577077705514236954710633576631368632635702345725121532374427894584"
286,"center/contact sector",1,"2","91565420414843638167631378957984858519651695838259138634517285055642901255956"
287,"center/contact sector",1,"2","33493449061449630653469019439899340076924756906350257214511469139082652128492"
288,"center/contact sector",1,"2","66989674022182378212838644898302909605910150982752728737749151866684575183324"
289,"pair/two-band sector",2,"1;3","25765184129774405457615746979762094317339831162337866747968702235274846672049"
290,"pair/two-band sector",2,"1;3","60605183905429262939038710705417974049690565194838145205427729564917403852201"
291,"pair/two-band sector",2,"1;3","56139922531086515622207334135675889908529873226795557348601221741584477596569"
292,"pair/two-band sector",2,"1;3","19473049870794181202087473800216401349683922865222870748047206401468165365113"
293,"pair/two-band sector",2,"1;3","87208428843777572171656837724430414487062068764966681961781308229255825436630"
294,"pair/two-band sector",2,"1;3","3399789563383470496807118827149297695076878629844424659467302580947010319399"
295,"pair/two-band sector",2,"1;3","103834119463555401628833740946489400236707629023325429688147281310899455799321"
296,"pair/two-band sector",2,"1;3","30578859479325921917693077966105707284195454421332480261403055537494199690234"
297,"pair/two-band sector",2,"1;3","32216087086200401286787024647647513097219409741407071809774239730257375790878"
298,"pair/two-band sector",2,"1;3","15144876629729283080388428744914865019759740420131346212708949182347400431908"
299,"pair/two-band sector",2,"1;3","115664065851863894760154246521363952636280151946807101055221881279487736881743"
300,"pair/two-band sector",2,"1;3","90561060585857135396977952776010520177851730099734955989689991989285675076814"
301,"pair/two-band sector",2,"1;3","10542166379676284093187952140710321950661755725292758774237601713995342457691"
302,"pair/two-band sector",2,"1;3","18191743393201651016907317750870678040275630916043644095399081880556614097564"
303,"pair/two-band sector",2,"1;3","21477170530054962004168664131059687932351001616768252430312491465527313095127"
304,"pair/two-band sector",2,"1;3","32932451025717845247145664136898855338940946762529652249192028851366875017294"
305,"pair/two-band sector",2,"1;3","86067507718884287522646111239193579126345919226952976141910434516428904242095"
306,"pair/two-band sector",2,"1;3","66095920873033955870183036319764909705185175288679208912584909448278173749529"
307,"pair/two-band sector",2,"1;3","40126388154563109368423947756994877927764066394987416954126758105278412095812"
308,"pair/two-band sector",2,"1;3","22407020295427214431336450560232662583499356246077814846892377811414413864541"
309,"pair/two-band sector",2,"1;3","28908802431644656164793389935086819390662747651018442529601044018331597530176"
310,"pair/two-band sector",2,"1;3","77427225278005262781309612727258582305533683543330561431936393546748078064853"
311,"pair/two-band sector",2,"1;3","99301982968391266540587768323903208309308685194737918479354960976706771027003"
312,"pair/two-band sector",2,"1;3","47887409562575559019534840972147760135823693140543201133928905407210368888581"
313,"pair/two-band sector",2,"1;3","100642221463675057442662534948728697714533652993697220669235853578443569374957"
314,"pair/two-band sector",2,"1;3","53478085332018641455708846006755610882322773706720065505355814503577770716436"
315,"pair/two-band sector",2,"1;3","17171244959002933769268468462099286211877070597969823064428469898279619330425"
316,"pair/two-band sector",2,"1;3","48268375270840173958934638519424491407467825668546981553871970526319337636868"
317,"pair/two-band sector",2,"1;3","40391504147635606529033171976678421632417848585540628506988076084040648170576"
318,"pair/two-band sector",2,"1;3","51465976407381390084734834221833516145538462101092301665933653570031136021330"
319,"pair/two-band sector",2,"1;3","29271827440480191485320741269613813822159563849174945216917532462167393240251"
320,"pair/two-band sector",2,"1;3","46845387745410019114235589148829740591379927379446800401116007118258303702674"
321,"pair/two-band sector",2,"1;3","45178880630956529339973310934944569956123168848227594770356403187630391667077"
322,"pair/two-band sector",2,"1;3","42632085184985622164653851604423516317493735406129635871190392250852444684954"
323,"pair/two-band sector",2,"1;3","13495558087033977024118573849141535368340301206443739188792478477761416486933"
324,"pair/two-band sector",2,"1;3","33793929318790225517808940460482091892010196583840125127409178443412720542517"
325,"pair/two-band sector",2,"1;3","9621359391225513311512738200808009802622493392567491698860522622763777034648"
326,"pair/two-band sector",2,"1;3","113062611283895979449744960923809522289418503125246421993079662950525965751429"
327,"pair/two-band sector",2,"1;3","98380929469025683965579528689832406074636747421784685108465246805703063021913"
328,"pair/two-band sector",2,"1;3","70721106689247652765307618719584250334209872861052411713016887585432518213974"
329,"pair/two-band sector",2,"1;3","30153064613929737998785960927409786968553468913971891918234226894123199023373"
330,"pair/two-band sector",2,"1;3","55768023616192996052001487119926329979697664880143500896608736932415272671914"
331,"pair/two-band sector",2,"1;3","84326986559380643647510903673841191428871104481510739046063395445521707373456"
332,"pair/two-band sector",2,"1;3","57262914436999622342526228276700363934288488467389578501900260376279896883489"
333,"pair/two-band sector",2,"1;3","34983994877214846967566622769008633141672508879662615844616315931445067567392"
334,"pair/two-band sector",2,"1;3","53706738910906079623598119895658777683349377203520260129606439230435958847439"
335,"pair/two-band sector",2,"1;3","98958330701694006676918221462950711536505711481780630781908783764878229768977"
336,"pair/two-band sector",2,"1;3","100390117008589918427465354848241823677503064009644498619571878153857409093839"
337,"pair/two-band sector",2,"1;3","85717026328286552853235373282892539193313744088440221549687499122727516783458"
338,"pair/two-band sector",2,"1;3","26846778870533750554205706433557663442301772776026128199943894475620370300600"
339,"pair/two-band sector",2,"1;3","56550877128366583328679335485733130258571209142224786170396313606299543759329"
340,"pair/two-band sector",2,"1;3","925667389664242854493467570782305672872976243689169330264372892050371254870"
341,"pair/two-band sector",2,"1;3","29719970916417322258586561252054861722923004826247359942485181123267815740007"
342,"pair/two-band sector",2,"1;3","55509740922030703733378649667995562451330743338000233697532215776429063591169"
343,"pair/two-band sector",2,"1;3","98038703970187627470048092209191984409112769832504687655943930313659328429436"
344,"pair/two-band sector",2,"1;3","45104122266409526048922787084819829247860876699398946741431299695158226342235"
345,"pair/two-band sector",2,"1;3","82788396065251909041647354370478684012461188399087561569577761287484919853746"
346,"pair/two-band sector",2,"1;3","101856396041900518246146411190172317590795327752986170897461582154057198099503"
347,"pair/two-band sector",2,"1;3","55061523744905974430489482050981156967620338126536411231894205222729315684524"
348,"pair/two-band sector",2,"1;3","70054716021183166315422539037243329681413060514310008061768822653484637732119"
349,"pair/two-band sector",2,"1;3","68791565415344680073772286517723189310837582773525235339394502699255446998294"
350,"pair/two-band sector",2,"1;3","112332887842048927261438442633179867856815186647603438186914821337490934111311"
351,"pair/two-band sector",2,"1;3","57203407285424749112561578672014692843763020810034986070345242719005281813621"
352,"pair/two-band sector",2,"1;3","33970917233721936033088053411355598312069399770571033270562163444472555673645"
353,"pair/two-band sector",2,"1;3","31340812378630486551044204810870277671539304497982613173692839183911855509546"
354,"pair/two-band sector",2,"1;3","96399334503229229118717271468241565058466181398274053382149863764327194261764"
355,"pair/two-band sector",2,"1;3","78062242572009966382545073925378100100866810638987150464137836492453988033862"
356,"pair/two-band sector",2,"1;3","44084243292713853241185088132978544708323772443024394705392301367415857807044"
357,"pair/two-band sector",2,"1;3","82416583015274857735555017888508772044912107545111014437863735369598499828884"
358,"pair/two-band sector",2,"1;3","11955501358741405369466982424897162125075342934390329231900188310248870966451"
359,"pair/two-band sector",2,"1;3","27281025234522137940310987321562409751328965173891876767202428648714468875777"
360,"pair/two-band sector",2,"1;3","8309314443323650855353760166353447769561050999556467442162879054628296590538"
361,"pair/two-band sector",2,"1;3","40929422160336607100303362598651321997636957693688144560985476933606123197810"
362,"pair/two-band sector",2,"1;3","84475397206981333006097246907389839884796581222789162639903449343884972926042"
363,"pair/two-band sector",2,"1;3","42762293045509489271472350863037120892745469253777775660194664044543814351685"
364,"pair/two-band sector",2,"1;3","108920537587139964090551947927371157430028900169842769074986327626959105127587"
365,"pair/two-band sector",2,"1;3","1538619416353081920759697792674549376603307353758143413108036970958339230276"
366,"pair/two-band sector",2,"1;3","102873101105584259221519515575665913249452916829269442782792074874206066966931"
367,"pair/two-band sector",2,"1;3","68108217713533878687989594220108912706607669655217533356432844619402458019006"
368,"pair/two-band sector",2,"1;3","38994168024866213879220697623283515820973092303308683651964102970298061318945"
369,"pair/two-band sector",2,"1;3","38102215982461792385829445888580662370649529367036978186805078715567624395717"
370,"pair/two-band sector",2,"1;3","6269684136434170585347150592672047030133080861991184418426795025108081992415"
371,"pair/two-band sector",2,"1;3","91109715491179707602945393007532326398831437736806871455999434468530482530046"
372,"pair/two-band sector",2,"1;3","57309743137475568923729228318439471462869541970260130417703312946453235303605"
373,"pair/two-band sector",2,"1;3","78189963828377065464577920852424707038156657147280813978635743686046416798649"
374,"pair/two-band sector",2,"1;3","46386575972157202387106853411075953691335311258140577595723368224737739970329"
375,"pair/two-band sector",2,"1;3","19030306390857997216611071088554030823623135947980471084116838557018404971280"
376,"pair/two-band sector",2,"1;3","29864009172018955134996929506571856626171919105452851408566327511804712152203"
377,"pair/two-band sector",2,"1;3","36492127460162082312262729954033249397587404143751927883812776944020958173627"
378,"pair/two-band sector",2,"1;3","19902368089000006604802548386159608621738181296830854834634509457368295796415"
379,"pair/two-band sector",2,"1;3","93022942828066798916624558802407610134088602876268907138491003095628471416731"
380,"pair/two-band sector",2,"1;3","73863991846430779628000669761377007367084646618106612035389998252677303501397"
381,"pair/two-band sector",2,"1;3","35879353734242705202949420127835025795993304497434095136725273346191219734187"
382,"pair/two-band sector",2,"1;3","80667346728484336965136106253731370798011447331000024126353361524229320659353"
383,"pair/two-band sector",2,"1;3","32385907078327168986161590876713946923050364960093915948513142499420187922003"
384,"pair/two-band sector",2,"1;3","91431565953500445070673952897401402320999654407262093557589467814085245235636"
385,"pair/two-band sector",2,"1;3","53786424827446192090442562514547299518234208109056182422293224321806225237959"
386,"pair/two-band sector",2,"1;3","103410691725801111111660984351936392870344393166908169318120416861699877906208"
387,"pair/two-band sector",2,"1;3","9442643202695789085379063528396466957089416384094585654360761524769188372107"
388,"pair/two-band sector",2,"1;3","52780211965452659268767166176508268674892327482609471229928565171045305113932"
389,"pair/two-band sector",2,"1;3","49285870883671297348822882390260820676755666859907529510849192605325890711963"
390,"pair/two-band sector",2,"1;3","69394069178706652992606422845837206180002897906520014460287442421206839078684"
391,"pair/two-band sector",2,"1;3","46601489232072651275236296515339260591314201957385643051173970031702064838516"
392,"pair/two-band sector",2,"1;3","54761677034715397116833217900408904598789919193829504826584489027887019283470"
393,"pair/two-band sector",2,"1;3","88746590911376513200188883824716637301425573509518041631008137542781022233704"
394,"pair/two-band sector",2,"1;3","38865003000832542388213890755232325167098594614168636334532838387240015825584"
395,"pair/two-band sector",2,"1;3","72514523658583584688846043210358138051350494333111283147787391179289982962746"
396,"pair/two-band sector",2,"1;3","64395936761817032128457039149591544829022676423555733292635921538396766449839"
397,"pair/two-band sector",2,"1;3","30363577850795299384456033291835274816279820353685695922511316590255749484615"
398,"pair/two-band sector",2,"1;3","87363649324825029499130386140571731327450501462172469794324155250698668064123"
399,"pair/two-band sector",2,"1;3","50729991549278256409072663031391209670368488923769506283562773445272289017321"
400,"pair/two-band sector",2,"1;3","63114438387648241950825568117634136380535187642133142117893168542225956224977"
401,"pair/two-band sector",2,"1;3","41588808917935792444250813787284543219827101254846832364887294212808891420886"
402,"pair/two-band sector",2,"1;3","98013970709479720376518594045551768892641402858708172390326006488105044793915"
403,"pair/two-band sector",2,"1;3","59069516307294903324330978008804560583230269689821623822567373181966422881688"
404,"pair/two-band sector",2,"1;3","83739395381665416966512267353429831352664100003068207104728173169800192608012"
405,"pair/two-band sector",2,"1;3","110004712153322115087261564355294317213005854294552972008592462261079783045709"
406,"pair/two-band sector",2,"1;3","11921355733051275529167277782514608690931231203084643855604905174717180142098"
407,"pair/two-band sector",2,"1;3","24237768859686498439494957280069817081773125690075638774933687679173971995654"
408,"pair/two-band sector",2,"1;3","91139599116070401732556263206266979830969491920297948489151857590309368832487"
409,"pair/two-band sector",2,"1;3","73026227045133337865803561590900669955315457357166112217204098167580375483850"
410,"pair/two-band sector",2,"1;3","25356213015588593538412001802231864432074372035424887794402438033822883703170"
411,"pair/two-band sector",2,"1;3","60819163178677094195701148867334885319914614197264191856420458528908121342311"
412,"pair/two-band sector",2,"1;3","114680236724588752081998011891000152589521850089654180219754594174168271924246"
413,"pair/two-band sector",2,"1;3","35402808513848259432030092641185016216664306159233547268125946560211423375586"
414,"pair/two-band sector",2,"1;3","78268399153993571951029734747250812301700862270751389696579542522268153749638"
415,"pair/two-band sector",2,"1;3","87573524537754577395521804822665885216253506548367805277211413716668620672816"
416,"pair/two-band sector",2,"1;3","13872001961323544559865618672181663761786246310158620401051245528144694885987"
417,"loop/three-band sector",3,"1;2;3","52000847789044887561944178298954006305431357010124767536187561881199642633221"
418,"loop/three-band sector",3,"1;2;3","59795937434999463345856063312520979646945086333208378351639213137146866023198"
419,"loop/three-band sector",3,"1;2;3","104391288867257304313974575084072297289921010462504995368650851055040069594481"
420,"loop/three-band sector",3,"1;2;3","9663791533688542541160632881661125716350311776544729623097278184457242774891"
421,"loop/three-band sector",3,"1;2;3","13722569187350919658686690323847443842230331185369920931699829312510777373427"
422,"loop/three-band sector",3,"1;2;3","21813997673357374261233170335963413342925752002321480761133269457338073040633"
423,"loop/three-band sector",3,"1;2;3","40790408573693580761603693141931329390930818009629278693226664997327277421104"
424,"loop/three-band sector",3,"1;2;3","20804421337495820661931030117195409617209115798148239790516536837684526220281"
425,"loop/three-band sector",3,"1;2;3","107652360075498135192374015814581026037561724994893848471727215328280630562785"
426,"loop/three-band sector",3,"1;2;3","37374187279470267867006214447250582660045404176064027869890017530920343705457"
427,"loop/three-band sector",3,"1;2;3","46329945294816903661924801302747515635903625935357558656932035262030685490164"
428,"loop/three-band sector",3,"1;2;3","13967001298695301747051243916986825848909988670513106852139273666769947344665"
429,"loop/three-band sector",3,"1;2;3","42465401924054328959452240378495496076032767608852207480175506275821153876861"
430,"loop/three-band sector",3,"1;2;3","95474149005926666078599676037164279067911018606708117306766395945894218827083"
431,"loop/three-band sector",3,"1;2;3","112312029955810811727888456772055269967229824724884885448292376611654681861169"
432,"loop/three-band sector",3,"1;2;3","7276350427656977955161787764685788301191161262652701684263764320085040695736"
433,"loop/three-band sector",3,"1;2;3","41694928322024271398946049281055932548098522202820921946509508220416189345229"
434,"loop/three-band sector",3,"1;2;3","91224053271084692069674737178011784512009583947901740227807066529828157843623"
435,"loop/three-band sector",3,"1;2;3","95194190137103876718823828171648599579398258486438975930416212148811840072709"
436,"loop/three-band sector",3,"1;2;3","32164343432183070652735287779634117879512304360244190157805471353101715633528"
437,"loop/three-band sector",3,"1;2;3","98435274723629936086345653609123807885956853598822079106636208402986261060843"
438,"loop/three-band sector",3,"1;2;3","23760778939849404731534612775370848772093849302068095303570160753546824258802"
439,"loop/three-band sector",3,"1;2;3","20356527136762280382631842436219589146846953922640395254144029487433319446750"
440,"loop/three-band sector",3,"1;2;3","15787621261176302275050779697833616851617195571734745419422171000642655791284"
441,"loop/three-band sector",3,"1;2;3","114502532880638620727066312254437324792089039539727326836460912041433513269830"
442,"loop/three-band sector",3,"1;2;3","101743604428792366136837811389618189939504084478938485647530245509047488646041"
443,"loop/three-band sector",3,"1;2;3","85440484122462326454140431177443733482233829019848702724950712571065464603620"
444,"loop/three-band sector",3,"1;2;3","96639712145703429514081131774307503953542588686671803728032886720370401509489"
445,"loop/three-band sector",3,"1;2;3","80666118562464412721552777969578978183123474684650999485526242657396736125900"
446,"loop/three-band sector",3,"1;2;3","85578249408613081890662779115041716968967581471361310786739273048553975901740"
447,"loop/three-band sector",3,"1;2;3","30760728205767731528512532003437045699314522215484922739249124779368017514698"
448,"loop/three-band sector",3,"1;2;3","72172572119470704547710625319609476007940211040669711647690537852466116065292"
449,"loop/three-band sector",3,"1;2;3","107392316469702763821882738450821271515159317034712625581445429615716110939995"
450,"loop/three-band sector",3,"1;2;3","47253748794649328460954445060753769227235149617846107487498946730540500609800"
451,"loop/three-band sector",3,"1;2;3","100929399493942533756389225435015970305208210737382993639759051799376054426522"
452,"loop/three-band sector",3,"1;2;3","95823828486429719501293292751979274798964245386310723161189663943727872179807"
453,"loop/three-band sector",3,"1;2;3","86882915429583250787982598667031738875151125526557286895510422320827354667004"
454,"loop/three-band sector",3,"1;2;3","22950570508871003979701905804921306257875020344314397397265508183618263292267"
455,"loop/three-band sector",3,"1;2;3","65647797315456214493007082659657305006537587927056517726723948795437595463975"
456,"loop/three-band sector",3,"1;2;3","5887830432824913196167868130904785679650065253846330352448570485724733847263"
457,"loop/three-band sector",3,"1;2;3","27701167756018716624756203482967195319481292877640091443746087945461630724491"
458,"loop/three-band sector",3,"1;2;3","57367724040901450011781457952342960512783935540282894058671430931850545326411"
459,"loop/three-band sector",3,"1;2;3","78976576463243260248639836203765730776603753460434898912320775137574730772878"
460,"loop/three-band sector",3,"1;2;3","38889460010032294779318306221406964626454857587716904102292226457666262490563"
461,"loop/three-band sector",3,"1;2;3","107660237628935119739620412461462188050238840910135365985969754537759975096277"
462,"loop/three-band sector",3,"1;2;3","44325200360702800618778539127228463358893370837664606606411390999945411588725"
463,"loop/three-band sector",3,"1;2;3","61519112653604038429887440380762145666334955433831694654933122928621127663975"
464,"loop/three-band sector",3,"1;2;3","37597848633971668819859776599699843463364099094237089729593065829119854981769"
465,"loop/three-band sector",3,"1;2;3","10680738823002070806923432459914090110661754249012798039604450807291916895460"
466,"loop/three-band sector",3,"1;2;3","52245343551622625406835002568883311906735936060857468260087196857910549699605"
467,"loop/three-band sector",3,"1;2;3","84787301402030723859462371224858926839643136609717739280382237331280657102285"
468,"loop/three-band sector",3,"1;2;3","36410133673579816524727226455364746589788128166421959179347582598437513265730"
469,"loop/three-band sector",3,"1;2;3","114404266207044230308677762741326108023424150933348933645471970656263679317065"
470,"loop/three-band sector",3,"1;2;3","6025485792412353301948095047214820093886638580631353390576707879534638329119"
471,"loop/three-band sector",3,"1;2;3","34217847023035917070775470996435992023705510240209452072253897531867962288329"
472,"loop/three-band sector",3,"1;2;3","108204226085475019605411053670264260749101766326207482442302303186080823805277"
473,"loop/three-band sector",3,"1;2;3","104010047586124506610063597510550028720909016305669759735835800660511487382225"
474,"loop/three-band sector",3,"1;2;3","112374425864846194176597173656378020109237938063058911735646454514046502663779"
475,"loop/three-band sector",3,"1;2;3","34794035209790959329544413329335491134889113208594701812236754619385019988754"
476,"loop/three-band sector",3,"1;2;3","82401412433157373675176579007262549638816425168506857704796275351693018279845"
477,"loop/three-band sector",3,"1;2;3","93829240364750807515390195642543306206578574918395273545352513170220598651515"
478,"loop/three-band sector",3,"1;2;3","98569559970674844558616556657033276388142086785343659838456761768921102706261"
479,"loop/three-band sector",3,"1;2;3","4638103068023705140328023369840629517907449142011405184471550145855013452911"
480,"loop/three-band sector",3,"1;2;3","82766574270631262245638917381309459949714624780346461042384823176271681556665"
481,"loop/three-band sector",3,"1;2;3","8796258238859932604235984477621734596227502909816339974283294692700996090807"
482,"loop/three-band sector",3,"1;2;3","26298873436869225874796237340880229284064034811219195871567861946423698573049"
483,"loop/three-band sector",3,"1;2;3","81184696767146442927635559736651826310311673498283031596512294452571938449813"
484,"loop/three-band sector",3,"1;2;3","37906333370678233546655160563148491497396990257632382074393297927362246658682"
485,"loop/three-band sector",3,"1;2;3","36037941778400284971465353568657915547402307653387023054909831211423193784368"
486,"loop/three-band sector",3,"1;2;3","84242198121015722013043038307154315973962849924664915857247423629424473834836"
487,"loop/three-band sector",3,"1;2;3","40876780674940227872865577438710157332788723336893376194815150289650367729817"
488,"loop/three-band sector",3,"1;2;3","32229224567275331305629133598731994127443000668222968171311528652192871813228"
489,"loop/three-band sector",3,"1;2;3","74268438445798576461712365467091247287246193467627385889485951426105718186751"
490,"loop/three-band sector",3,"1;2;3","115294617175370427492948427608352196557633232561263350505116714711547009766504"
491,"loop/three-band sector",3,"1;2;3","94893394320015851356082678287827256835841700096024682449374291863790245418263"
492,"loop/three-band sector",3,"1;2;3","30206399359363543443242779157136889626130035247236999484889943952561403103024"
493,"loop/three-band sector",3,"1;2;3","34988820409051459816912800987315879518833863127064968251275388055808825739995"
494,"loop/three-band sector",3,"1;2;3","1512733320005363902678183831863111090726315671634013205308006253906599000481"
495,"loop/three-band sector",3,"1;2;3","99616091350623167958511115375887957502563578511524748578138100489285133689014"
496,"loop/three-band sector",3,"1;2;3","25052404230046513681447092072074792605888954358290589679742718908490617166492"
497,"loop/three-band sector",3,"1;2;3","107080487502851205378256098245475408587937435171430518027987041823207649126910"
498,"loop/three-band sector",3,"1;2;3","84892360585609011924016315479493745438815595481303026693615113341833669426532"
499,"loop/three-band sector",3,"1;2;3","41184030991756395300520839581373456831269886109812130283507085796058670750111"
500,"loop/three-band sector",3,"1;2;3","81731424194845399835728202011305255883237377046864223215171403318366459598221"
501,"loop/three-band sector",3,"1;2;3","44493145220411500397464021942402039626117767839600964468571051202071229721088"
502,"loop/three-band sector",3,"1;2;3","21163236641100602430859833684529812607386659988306332314226522416571672341326"
503,"loop/three-band sector",3,"1;2;3","64363602083201094592498508688164296742996648587135995894676485483704972443730"
504,"loop/three-band sector",3,"1;2;3","67600446713424224225995536797257359791807731537982085146653938067100998344607"
505,"loop/three-band sector",3,"1;2;3","36161002215182794909241595767861273259526074929547426178899885892952148904569"
506,"loop/three-band sector",3,"1;2;3","94420069148009481003278020213097860596851857302305195210235804732477208270167"
507,"loop/three-band sector",3,"1;2;3","69234564853311282679585388929039076591415839910612361418670703604552069813904"
508,"loop/three-band sector",3,"1;2;3","94493443843555911349507640944798665273157537443151557906646149869239160225408"
509,"loop/three-band sector",3,"1;2;3","49313197330972946383586497682472622462201150591657175919954711148430260053583"
510,"loop/three-band sector",3,"1;2;3","86747538158583020919536641398498164502273879243437984292061188768358445652558"
511,"loop/three-band sector",3,"1;2;3","97805603702355393445810550057447452868589230651845761332952686956893948447409"
512,"loop/three-band sector",3,"1;2;3","19451564070631159814121432014851694687293093321703294908914163500684521442591"
513,"loop/three-band sector",3,"1;2;3","69326235475246391067773304357471656251131256445235858975611479178940700168617"
514,"loop/three-band sector",3,"1;2;3","66015866082071150383714534164556493761591358139166159542124139947823316195225"
515,"loop/three-band sector",3,"1;2;3","74370101966505758528665473390995206264216094964357315287962776681921340802487"
516,"loop/three-band sector",3,"1;2;3","35679965454866210287383429768149642935142620852644073339969422430609430832478"
517,"loop/three-band sector",3,"1;2;3","31298698125355141883382424453787029534421400116088462649269107656056210533280"
518,"loop/three-band sector",3,"1;2;3","27812351646010303999295830326476029892534083570927096362674692270045630841404"
519,"loop/three-band sector",3,"1;2;3","93577336655656031249400432248767116946248259558901083519858114894449872135332"
520,"loop/three-band sector",3,"1;2;3","47400512061498696832687661672076530925090005317327611932287518492682655521300"
521,"loop/three-band sector",3,"1;2;3","50729374826157058991716207330921127935756691423878244068775281158596027494373"
522,"loop/three-band sector",3,"1;2;3","91615677845485791701528888612518448231105403645916421600445298947649305687458"
523,"loop/three-band sector",3,"1;2;3","40928400697336887491459442979664894902586355429627446846831631313143335873432"
524,"loop/three-band sector",3,"1;2;3","89829610665985427307454918102873382279524219240560323955957533892558161426404"
525,"loop/three-band sector",3,"1;2;3","533452445882937405232030899811594357139416479306333755361864625265487442817"
526,"loop/three-band sector",3,"1;2;3","114011069625557888254246262035132266062736092825827589278412626305055317609559"
527,"loop/three-band sector",3,"1;2;3","94390170713169847571647659835357125769143660714773905823582540216553536293312"
528,"loop/three-band sector",3,"1;2;3","102123104284506844834437283442139222884365476681510887863720939125018515129102"
529,"loop/three-band sector",3,"1;2;3","54777537915541624436727904860924052780404786545621140502438998533114438230111"
530,"loop/three-band sector",3,"1;2;3","96611040628403786022019134724157372409801607254332517665113388049919400824028"
531,"loop/three-band sector",3,"1;2;3","97833147944833849298753887621958761891900211819675177630982178890252836999951"
532,"loop/three-band sector",3,"1;2;3","18520349373556565731693971052855185380225460728573215330476942784964845238338"
533,"loop/three-band sector",3,"1;2;3","82977735873111548100293738553145322554562356187630055700017439430574992668084"
534,"loop/three-band sector",3,"1;2;3","11363042518167249630444922902778696361696917930745998060806110590911319580653"
535,"loop/three-band sector",3,"1;2;3","28205761538363174585338901555294640242058391347085323445542218764493173299991"
536,"loop/three-band sector",3,"1;2;3","18480961041218545582479814939205816491024687380766312757921928872112463223647"
537,"loop/three-band sector",3,"1;2;3","8248450929224130645816249245589889877651333129759917547469971684040256534033"
538,"loop/three-band sector",3,"1;2;3","101293812868750897910514689713983258118357110316167833528698582678212249202190"
539,"loop/three-band sector",3,"1;2;3","60709281757123238365644425854485900057295365964443719868726178019986722324985"
540,"loop/three-band sector",3,"1;2;3","86512750687672642723784986444278115885998018853342491849175681675001987032411"
541,"loop/three-band sector",3,"1;2;3","85846547117005789157476758687677347574434601590349114884125408679808372097773"
542,"loop/three-band sector",3,"1;2;3","110331143665742913726542278168296952464479498457143402996233876142267596500343"
543,"loop/three-band sector",3,"1;2;3","26597215977755258122758630168801541865849101128439845372363997406550427644912"
544,"loop/three-band sector",3,"1;2;3","38622841332075851438925344082988631671119519680136937539828673426953322129310"
545,"loop/three-band sector",3,"1;2;3","39214570992171574135888739428683932393970806744093527250467093298440666937504"
546,"loop/three-band sector",3,"1;2;3","6440729942524718782714043362606399229246015568683527604195275220946504556879"
547,"loop/three-band sector",3,"1;2;3","13957548240289582893498388521936149264567701166058500976900590697039456934422"
548,"loop/three-band sector",3,"1;2;3","89277888048249488456674130045371131227264679902574073239741174969007280419195"
549,"loop/three-band sector",3,"1;2;3","59533298241040934192347769755645381581884663107542205944830361396814329589393"
550,"loop/three-band sector",3,"1;2;3","67370268147248975489125870881270746037666034671849316200934480604897360437507"
551,"loop/three-band sector",3,"1;2;3","73096912489701774854739865911731040158032853822146363646198833708697173240672"
552,"loop/three-band sector",3,"1;2;3","66335621753088124586572461731558391936483658439549121993818555590680696310356"
553,"loop/three-band sector",3,"1;2;3","45021332534832748142697915158363272721894221198463879037927728006436475718319"
554,"loop/three-band sector",3,"1;2;3","103381134462317041352417053293573637367354004615312078889576550240109956607322"
555,"loop/three-band sector",3,"1;2;3","56408761643296098391113543890996920592532934590380475122463714676909126824556"
556,"loop/three-band sector",3,"1;2;3","11428106587975730148826368191369074848423759684310554649088825453270620349265"
557,"loop/three-band sector",3,"1;2;3","50046483826735468250226210583969022365639446961311842626629777126392153666757"
558,"loop/three-band sector",3,"1;2;3","77268631587269173131799577493510095052597903461995657903513535548540320254091"
559,"loop/three-band sector",3,"1;2;3","68810865197931302599528881484674752092986380238211428453443356852054558685716"
560,"loop/three-band sector",3,"1;2;3","53182457078159238136915075484058211793828553780063440623924171578274663593899"
561,"loop/three-band sector",3,"1;2;3","39225920823174181490761164679624455979094344689392174696901308866262445484537"
562,"loop/three-band sector",3,"1;2;3","74718532335428003073649941732866914611504783772456573201078053941218780537492"
563,"loop/three-band sector",3,"1;2;3","71566819781145780506418404540393130687964267270655188856853190713110916938290"
564,"loop/three-band sector",3,"1;2;3","112621210959882151849481589247987287325194820694923611312071109226164517718631"
565,"loop/three-band sector",3,"1;2;3","66714058123799706354161623684612982048228425341528024642520158189943252776394"
566,"loop/three-band sector",3,"1;2;3","113892229412065266871585044953927299172631939959899985304519592586943461043046"
567,"loop/three-band sector",3,"1;2;3","26662817054795266045238680624558605578667270202669194825468769805110136931697"
568,"loop/three-band sector",3,"1;2;3","20628908466703511999392255744340869176680499390557136270921989244355486252129"
569,"loop/three-band sector",3,"1;2;3","36845593588155716568367804902795799902060569073523662371148210122747726357737"
570,"loop/three-band sector",3,"1;2;3","80236895897314942645900830504300979920200138816895090634265649441336932146088"
571,"loop/three-band sector",3,"1;2;3","2331686580574659606071869501423827034092977636075929207773965842167375342810"
572,"loop/three-band sector",3,"1;2;3","66802397950217868928448741394516429979539271949967535143380400819227750913545"
573,"loop/three-band sector",3,"1;2;3","65920231289754267470173081041978313865642737419403317973151309922884520233702"
574,"loop/three-band sector",3,"1;2;3","21208383530858983734867425425780427903330566070705973088859182498624755409646"
575,"loop/three-band sector",3,"1;2;3","24154852297664106677536029758920933587628825518812888412441176874995960208565"
576,"loop/three-band sector",3,"1;2;3","113378522673331100800460247223531576371978418837631091909351184553689284502802"
577,"loop/three-band sector",3,"1;2;3","93679382901661177892851552179444206406304754200885810694584358263273571798727"
578,"loop/three-band sector",3,"1;2;3","66217177624331223762319723140028568986422129314184069851849726739294708657494"
579,"loop/three-band sector",3,"1;2;3","31050824029238139046353497548479251212905268701310610432662635366075818510947"
580,"loop/three-band sector",3,"1;2;3","19659272833857262568595738913121936407693091261360893169091643854385132382895"
581,"loop/three-band sector",3,"1;2;3","9298423799747514147025329760808289770603932376550217083231155880304886813638"
582,"loop/three-band sector",3,"1;2;3","43243814216495502803083931148257466390240911014205163984409361440320484272436"
583,"loop/three-band sector",3,"1;2;3","68209972905785679096057802595264336554420107793704841101125984690249896292980"
584,"loop/three-band sector",3,"1;2;3","108527347338680750414235352787342947407634729688136015053033052620928114731684"
585,"loop/three-band sector",3,"1;2;3","76723213866571529856584016764782906783802585902960314376801022577574475110673"
586,"loop/three-band sector",3,"1;2;3","34265915215888053410476501628087064804782182789924801229493014269713611837085"
587,"loop/three-band sector",3,"1;2;3","23818648727138703359128094526322527648620570833776476805749540538172546221141"
588,"loop/three-band sector",3,"1;2;3","114030457200491487287461636387239591015581326226262431916400337067230615872326"
589,"loop/three-band sector",3,"1;2;3","54763114168087560526843939448950244739874453270383626399438203140418964977071"
590,"loop/three-band sector",3,"1;2;3","68266674902976480316142426948827086714399429240116676184089499272449469178609"
591,"loop/three-band sector",3,"1;2;3","101654402984889547472096083518006985320432448674312879780532201081405867816949"
592,"loop/three-band sector",3,"1;2;3","41844286986844010485246479898353017314850025216984898211285811623004576253021"
593,"loop/three-band sector",3,"1;2;3","11377679192919628914828936991005038691508871706449879310169060313120898441940"
594,"loop/three-band sector",3,"1;2;3","1751115042542529484064801490980262772617011252196927983752204090591439379448"
595,"loop/three-band sector",3,"1;2;3","114218994208407185620472666993789021492806773910515365859679044252276069783179"
596,"loop/three-band sector",3,"1;2;3","103909916960473488489698204975354722658265592336904183484008743203464548925752"
597,"loop/three-band sector",3,"1;2;3","57126173062486170508723635868952724869479226075423431954349974670940599088250"
598,"loop/three-band sector",3,"1;2;3","35896129075679801609705162460427924612943654225505036438901404907519414400678"
599,"loop/three-band sector",3,"1;2;3","65283881682724471539332938863897918770110023468004540310849581473543358946802"
600,"loop/three-band sector",3,"1;2;3","99647710529247204544246255706702239267094790904334027322514873550924518803256"
601,"loop/three-band sector",3,"1;2;3","4388213216395429321877186541735886055709220699646542065984143920167473359291"
602,"loop/three-band sector",3,"1;2;3","75683597740001343382072352646137812250431177679553177176622838185673531884152"
603,"loop/three-band sector",3,"1;2;3","88209505939830682820262978288675368092791269231372649383684296302095973987651"
604,"loop/three-band sector",3,"1;2;3","12813291879833376288455498129059607044723544834725538875946581017748666670437"
605,"loop/three-band sector",3,"1;2;3","54880621379325193625605537027614603934026191752066471185203144763335063477385"
606,"loop/three-band sector",3,"1;2;3","95611140963770162306750366282061798507623127842327298140363446790897358236455"
607,"loop/three-band sector",3,"1;2;3","70610298645792440757266833306401954801105841649086277812232622108676893658190"
608,"loop/three-band sector",3,"1;2;3","3392024467328235405894459996103783662397636144832526481349123729240720313380"
609,"loop/three-band sector",3,"1;2;3","105511565391871731588994562769648910501205976467096133782627644575308036489315"
610,"loop/three-band sector",3,"1;2;3","13848001498970042868541365444955990481661673969094933784894649076975944120303"
611,"loop/three-band sector",3,"1;2;3","113634945355489559408776396808428359333067406817394943930058083497951969923882"
612,"loop/three-band sector",3,"1;2;3","75477115240719202831950357583405887499979650450561515006419538568661901698067"
613,"loop/three-band sector",3,"1;2;3","16482207792515967114234824761832270834654753874811837395431572333432138791814"
614,"loop/three-band sector",3,"1;2;3","88962621189745159267796358445437427821300479587545663913793379309317931140150"
615,"loop/three-band sector",3,"1;2;3","47130858335244794707768884333796375952534776671240313653120183826645048228368"
616,"loop/three-band sector",3,"1;2;3","75923107116965892520838579513326996128950169357636193598882730267855106873684"
617,"loop/three-band sector",3,"1;2;3","2235133259914249652206673883693623916069702736536717677856609678114559404534"
618,"loop/three-band sector",3,"1;2;3","96074051551067671040907331873594261892667083641895399307280358540185680950247"
619,"loop/three-band sector",3,"1;2;3","73368646434483579541329621267666092502221752090457820581815601960597797266273"
620,"loop/three-band sector",3,"1;2;3","47417723433641677941894082191534060152758041209164321531198746687546938260916"
621,"loop/three-band sector",3,"1;2;3","22760021376099962125287527336101832736890489011192869971755023946369864798831"
622,"loop/three-band sector",3,"1;2;3","28969291763890868922740046824069214185704727836619117031688246102469296353761"
623,"loop/three-band sector",3,"1;2;3","96165800005650373141877470593725012806291447674627883007514160105069629808035"
624,"loop/three-band sector",3,"1;2;3","9290251784355859986941523457168831175494351073351330162912250716392529514053"
625,"loop/three-band sector",3,"1;2;3","11406515556787008231193388397007933606555652344766317252551007312377733586"
626,"loop/three-band sector",3,"1;2;3","48328754327561134636202981045446489380776947718276944031533559672089749090155"
627,"loop/three-band sector",3,"1;2;3","31362008038520452452647192456813015389954722982387457480747313724560001385238"
628,"loop/three-band sector",3,"1;2;3","49371157672696425820596323667518625519543777898221574107254444678923558890148"
629,"loop/three-band sector",3,"1;2;3","28162710959473647578524535769085127139918732067595627604106368536756698304543"
630,"loop/three-band sector",3,"1;2;3","78980845408494866700065433694290023706641332564392662236286833530541574213955"
631,"loop/three-band sector",3,"1;2;3","94833241525901348225350365877114149410843284404538232769397955094842054273011"
632,"loop/three-band sector",3,"1;2;3","56717772834437984530830274332866790633217549191969875698998770249512416300468"
633,"loop/three-band sector",3,"1;2;3","97622087196921380309897872912268294360467523755825830561158846298174498179775"
634,"loop/three-band sector",3,"1;2;3","84488180679268887058123268699178579018962021287258713527353676552615897637985"
635,"loop/three-band sector",3,"1;2;3","68046168681229609857423813161363275729598581514255507962105381843286904711956"
636,"loop/three-band sector",3,"1;2;3","97641307687178010454844882246305729040572849772945410755080537971243310400585"
637,"loop/three-band sector",3,"1;2;3","58722269647888345416297777610632511791063505751233235080343302798631357790105"
638,"loop/three-band sector",3,"1;2;3","78723571497050779978347885622004395945132414822052396267044988245673954404261"
639,"loop/three-band sector",3,"1;2;3","49671929574957553330633424466342446543213528707886398963582451674849676196577"
640,"loop/three-band sector",3,"1;2;3","59285668359766540626362584789307343968448262693036236190648764336647565241416"
641,"loop/three-band sector",3,"1;2;3","84404229666557513490998806079418955604074650394162017568276715214910760078612"
642,"loop/three-band sector",3,"1;2;3","26676135218179776057606751797315716653249426459052900019935270331960202918675"
643,"loop/three-band sector",3,"1;2;3","47018751837084640075297650099916764978330134141765192732865932497806158674850"
644,"loop/three-band sector",3,"1;2;3","1679945602545505150677222660830289511721497049417205016877217066380465116564"
645,"loop/three-band sector",3,"1;2;3","56682771147227130335466447150657360582576403188868489779469593866253721561663"
646,"loop/three-band sector",3,"1;2;3","87866968983147930662763169189006476331559851306282062821292979586784252465433"
647,"loop/three-band sector",3,"1;2;3","64673280264358349644255813794448578651745974525430374650743689098577496586823"
648,"loop/three-band sector",3,"1;2;3","21369016350044952834655991875652010610323599373069043330452903286729020868146"
649,"loop/three-band sector",3,"1;2;3","54454189790431125943830003111542364105760431555464587328844512606170035165729"
650,"loop/three-band sector",3,"1;2;3","31563618470607177501788151872773207315023212800487346539936739160716702465999"
651,"loop/three-band sector",3,"1;2;3","105407087437460412828708035258208019981107437430527132782682757990804285211876"
652,"loop/three-band sector",3,"1;2;3","108502310635818053513359514752506675532314356032140407184525305995955530136463"
653,"loop/three-band sector",3,"1;2;3","42650892070140055294488428033902081323188090939383786399672736579996521268831"
654,"loop/three-band sector",3,"1;2;3","92968207371106176385746938346210984601165400174554405772198036813891299891391"
655,"loop/three-band sector",3,"1;2;3","95909886663773795372980261413529710003793222145966591397224859580323342410368"
656,"loop/three-band sector",3,"1;2;3","55652602427466355107035188693148736610591213272287257515516688088075229970497"
657,"loop/three-band sector",3,"1;2;3","91405226579884739267708313414771665121556955254213900245013626096088665974251"
658,"loop/three-band sector",3,"1;2;3","50834164078486765425613547914628802248642670149781882483814546788320945525461"
659,"loop/three-band sector",3,"1;2;3","101332208356601394253388105403834623414730079016144558187328025427230095767084"
660,"loop/three-band sector",3,"1;2;3","46149342271562639608456191021079587654081759296792924995049656939482079593262"
661,"loop/three-band sector",3,"1;2;3","1175129342914448546865927987411886800763887976178611696111694557619163003991"
662,"loop/three-band sector",3,"1;2;3","90869152914561492252617377105004855737533489714253599867460156109844474108465"
663,"loop/three-band sector",3,"1;2;3","58283526434476260678929332771735642834773825917993321454985083291883537690574"
664,"loop/three-band sector",3,"1;2;3","9230209278271685562720260898243602775657008795717577192640669306113016981121"
665,"loop/three-band sector",3,"1;2;3","6891577496146217899977648461216674198202797255863673207826344634421355579462"
666,"loop/three-band sector",3,"1;2;3","20377735300297696101733273121250017088494316504001011362500209543420669925982"
667,"loop/three-band sector",3,"1;2;3","30341155963103298083810373853976347942980123092635977348113544470674675804761"
668,"loop/three-band sector",3,"1;2;3","30127880471894083331837427205872430094472496681172796796914147941074545253151"
669,"loop/three-band sector",3,"1;2;3","45137835843798836366366835647566925010151306653141344361956358918643824235069"
670,"loop/three-band sector",3,"1;2;3","65644612964578809016376848125424321336114633172764589528259729014680106746057"
671,"loop/three-band sector",3,"1;2;3","66730810374657420303335945855581714411167419892819910018241750892607424259279"
672,"loop/three-band sector",3,"1;2;3","94360608764442050917355332781332955735755382378953528202189038836781809855077"
673,"loop/three-band sector",3,"1;2;3","47249977660972790531820580410527108224771918671278129192389126913038093623379"
674,"loop/three-band sector",3,"1;2;3","29837504927696845272551428274253626428809575413705107878198966623247120819974"
675,"loop/three-band sector",3,"1;2;3","85287469850034284342097668276340536265696508006134487144651070411372646880526"
676,"loop/three-band sector",3,"1;2;3","85644729613033313194311999515969016932435469203178495525422737169456151988716"
677,"loop/three-band sector",3,"1;2;3","64011079013197771208060799049910622543215445072171110997861531273309295721392"
678,"loop/three-band sector",3,"1;2;3","36140140441341801827037496616121688338759928713456236789169966651610190326606"
679,"loop/three-band sector",3,"1;2;3","61452359177220490068410938974807196546040332240534525933861536158292273065389"
680,"loop/three-band sector",3,"1;2;3","20900442010991506231471839549554882774121085554012809249116051888172152240295"
681,"loop/three-band sector",3,"1;2;3","45944997311793807047806533568277648921255290014178924085694743410036432945500"
682,"loop/three-band sector",3,"1;2;3","66457663401950818144095232342244810502521690153151901182016419309883590373552"
683,"loop/three-band sector",3,"1;2;3","90410623734317408773048651851370795537339537336552444433102371586676461125569"
684,"loop/three-band sector",3,"1;2;3","11697872237322153525588111326692641861753565515275126463033891087196083342097"
685,"loop/three-band sector",3,"1;2;3","83289840987214028714222603468858579534751640006409421858365526040987061737329"
686,"loop/three-band sector",3,"1;2;3","99218029138978416285734402491378640288227977252446330121876515395066926799809"
687,"loop/three-band sector",3,"1;2;3","71553429837374014836629112420446877673704952745131181135424193688120971725843"
688,"loop/three-band sector",3,"1;2;3","50805383269385592773675564322669610510009787013931168401581036327603763934543"
689,"loop/three-band sector",3,"1;2;3","30171705911536636819197120176642720032334066660445656027916375331384331285007"
690,"loop/three-band sector",3,"1;2;3","113368041015733665885333845197944069530999515170287971545720491401305153620940"
691,"loop/three-band sector",3,"1;2;3","92579219032926808494837708920046652477945394372279650718899178270878868453949"
692,"loop/three-band sector",3,"1;2;3","25450805568168199677041341852250719665133443086210458372271342101777235851984"
693,"loop/three-band sector",3,"1;2;3","73668709707998240901589623457931835418668734496467323428952972306995547877528"
694,"loop/three-band sector",3,"1;2;3","79504038280330915729988595319260695769534067734218618970374032538621751686069"
695,"loop/three-band sector",3,"1;2;3","32775890903883420989919123936008711466431670040103206750255601278106355270327"
696,"loop/three-band sector",3,"1;2;3","1461639663672315737364785126204767210326998883677821846276489427728157713661"
697,"loop/three-band sector",3,"1;2;3","55357240951287876011788778069646753826478711951791352252510661517538177589696"
698,"loop/three-band sector",3,"1;2;3","56349173090208701987374162776253225429519257659063635112378532111439231168432"
699,"loop/three-band sector",3,"1;2;3","35644361484383758417455142970775746145023461392558005618092746307836087737798"
700,"loop/three-band sector",3,"1;2;3","9120547171064404894350151837156677995424215926315229490801432164799199515970"
701,"loop/three-band sector",3,"1;2;3","8174044675386447844328417254539380074669786044493812062227501098391983740972"
702,"loop/three-band sector",3,"1;2;3","11125378334380476137709426238216923604748768317983053709883714801243478245161"
703,"loop/three-band sector",3,"1;2;3","52475905796423205105114322507052146899761096230325639258007081100550261161399"
704,"loop/three-band sector",3,"1;2;3","20284125332668512118748501687913338900923758708984638772181749254540015390690"
705,"pair/two-band sector",2,"2;3","86238217004230727286174119980420460339993312744169193575301303627540713331064"
706,"pair/two-band sector",2,"2;3","36124877066697293759739690426234250931134166568979572875917064373226100270979"
707,"pair/two-band sector",2,"2;3","97010120179901810455919042584348439537582934312101703817970575225246353089475"
708,"pair/two-band sector",2,"2;3","66064007913538810468810687658578191166837114477189626923476689348360539473372"
709,"pair/two-band sector",2,"2;3","113187186801721239367403491799860913621239853025983853260364698686846627574460"
710,"pair/two-band sector",2,"2;3","21775040349172970332542853408169704106425449899411130200832806422193064547777"
711,"pair/two-band sector",2,"2;3","61754817565788875179342508178371834499488001056627561285354094197857566414200"
712,"pair/two-band sector",2,"2;3","48581062079372111361118785295128463106923493940593696034747429939445925884438"
713,"pair/two-band sector",2,"2;3","17645677645389350447423174536464607032939469603384555773152156753611721172597"
714,"pair/two-band sector",2,"2;3","7037929955515897604206870260357646155081673647931105513336277327373425760094"
715,"pair/two-band sector",2,"2;3","47963044063425868208351813461117107439130273544530771951088511050744702231268"
716,"pair/two-band sector",2,"2;3","5262133735242411758264632691320657430156829177712496198618898406833994015812"
717,"pair/two-band sector",2,"2;3","49308093434181341377937515540185405101575244646011761867882365795728187499143"
718,"pair/two-band sector",2,"2;3","12928955826605477079953200080801176490946056849516678531473913753757898522011"
719,"pair/two-band sector",2,"2;3","35260639882263490050355272555239633300755965015360292487783775407137714234133"
720,"pair/two-band sector",2,"2;3","28128500530268628376312417691792874438733763790964828740495119564914377081264"
721,"pair/two-band sector",2,"2;3","35507566547888900145799741536488917623209334871001498232242729002330575815530"
722,"pair/two-band sector",2,"2;3","109842784230953981155990444883081438044747541500473251414719236152267269318174"
723,"pair/two-band sector",2,"2;3","104868801500976798694207948564735908744711357667539542163505546745864818380678"
724,"pair/two-band sector",2,"2;3","111495117521860537416212728016462859299023768275316915920666950920895212146247"
725,"pair/two-band sector",2,"2;3","56860142809378712023336974896567804284757294985692585986495768533051692227530"
726,"pair/two-band sector",2,"2;3","69692973988049343443788484960401828051678167715226194373486927063269539612538"
727,"pair/two-band sector",2,"2;3","43662553851241245840106428153566480255730774552354186052171411318433387297464"
728,"pair/two-band sector",2,"2;3","2178945479120490787124410661425928771657850555912050774709395578168853406658"
729,"pair/two-band sector",2,"2;3","15232336227363319745094036026112374548878593890858610697862871047534307551723"
730,"pair/two-band sector",2,"2;3","90086279113379242611477167092732872191803053596647465956647248356143481972401"
731,"pair/two-band sector",2,"2;3","92859581657956094812125560905944572607440262341087973532453959021711524426038"
732,"pair/two-band sector",2,"2;3","67740788267700860582794752977437942085734380900919340621393168048219485839257"
733,"pair/two-band sector",2,"2;3","21238395522113698909221903181420772922085860350487041051004422920163169846072"
734,"pair/two-band sector",2,"2;3","26415150452526613624085088278487524467522365792602454297637860894163144610754"
735,"pair/two-band sector",2,"2;3","68406072755957178011122802309189062227520956405963585710747596917224135560600"
736,"pair/two-band sector",2,"2;3","110999610186612238276374507195886664449817552643126532820600935664412289172438"
737,"pair/two-band sector",2,"2;3","63105194295748827323434233827987427646107316040389571234222779495866793554381"
738,"pair/two-band sector",2,"2;3","15608114374765031779221255725138877674652253386144031310903078217704890253499"
739,"pair/two-band sector",2,"2;3","57553222855434727484970327416891046353822387057944193585995068802809918879855"
740,"pair/two-band sector",2,"2;3","69377937982722553748865938445088130177786532124398363450780527626623520798430"
741,"pair/two-band sector",2,"2;3","49623081988242508317094179957108316142467810370350483864175362226727915627322"
742,"pair/two-band sector",2,"2;3","4476732758874156916386902042429461532671886881449907751735747791258386432252"
743,"pair/two-band sector",2,"2;3","10878031422842217926490646523490341202655372534187675876266043021881615325893"
744,"pair/two-band sector",2,"2;3","85057385777968303748282455964520260491069089650781339500699598239245879125678"
745,"pair/two-band sector",2,"2;3","45864995297973893801512819762495662129872094378561859630616152571106730005638"
746,"pair/two-band sector",2,"2;3","36258905355529592756379427260614552031362107851309264223033849783852145507767"
747,"pair/two-band sector",2,"2;3","16353221700019034704294119831206681467745765658731539200025854906933578576668"
748,"pair/two-band sector",2,"2;3","85427059905955574065986349058657466176846490227383310406477631966418815233225"
749,"pair/two-band sector",2,"2;3","4869305326397679019514661216371748961023092721094141188265637910320032793386"
750,"pair/two-band sector",2,"2;3","91797803603773262843168876545067522973551470194857232261047462793993657603442"
751,"pair/two-band sector",2,"2;3","20422100539485086635695370381137750271359078539911909126264856802643294334077"
752,"pair/two-band sector",2,"2;3","53067727899864694390658444055653896667849065349475783452804586663425941940295"
753,"pair/two-band sector",2,"2;3","72326782068578724902815018385697857563629843369955502090227188057489904939187"
754,"pair/two-band sector",2,"2;3","85840432706512437772088357443080560269156109362427032189016930874992807774009"
755,"pair/two-band sector",2,"2;3","70716782051380057226921500733583669175444734383095872582511744840185496962529"
756,"pair/two-band sector",2,"2;3","20064004203426684054031294894711039594738697277029496759138257205059803458341"
757,"pair/two-band sector",2,"2;3","77320055852905898982307423727065131210716857081967284846301104918556874333558"
758,"pair/two-band sector",2,"2;3","109191046049653316243441431396288083037629277297418633701230861481577214022673"
759,"pair/two-band sector",2,"2;3","57328299885531850869865618220045694337781355232178126552097584261136976645333"
760,"pair/two-band sector",2,"2;3","62408617687320604337334803066328442268477574237424325032910454575133165673741"
761,"pair/two-band sector",2,"2;3","99692839878481392721344925203013177035529147216807561382999257595127714571803"
762,"pair/two-band sector",2,"2;3","91785949848968177885778101617624120726418913375292248393651030739388307236752"
763,"pair/two-band sector",2,"2;3","98373623893617334845891415787738025268856436918168006399170546951185441757507"
764,"pair/two-band sector",2,"2;3","111842394015539297905731254979991123886843019725385573672383613764742764660164"
765,"pair/two-band sector",2,"2;3","19998295731652478985117453766162914195356607158569757730514287988218421577992"
766,"pair/two-band sector",2,"2;3","47006922709562109981841208701800573802321627756163699944470907372891765295799"
767,"pair/two-band sector",2,"2;3","20421362070014964066079153837157596361008346095632495153492026741901054827800"
768,"pair/two-band sector",2,"2;3","92932215995552508137910813130276326005259441415205389463215051312634995352069"
769,"pair/two-band sector",2,"2;3","81264732802203463213289852564782474880875754364634737893154521777817351157638"
770,"pair/two-band sector",2,"2;3","76662343197328104522670547014741283835790074340145271414439612466710862839870"
771,"pair/two-band sector",2,"2;3","2766292567425274387279210560545137979884218643947194965303029532222526087601"
772,"pair/two-band sector",2,"2;3","107101089205797323215092895714077630083630882819919991434658936210637057835058"
773,"pair/two-band sector",2,"2;3","93387611518696530294137501382713495966809217228470060422539546127968804010333"
774,"pair/two-band sector",2,"2;3","47538206841016388906115030767084748661809198586522360217562532417220678905904"
775,"pair/two-band sector",2,"2;3","39542169856307686122194448583430798122001277247361415486514307352157995236710"
776,"pair/two-band sector",2,"2;3","6764861164447165593066483874235269057955819544753697991746910673093220851539"
777,"pair/two-band sector",2,"2;3","37143538975561033349371902527998118396105991178863082182879266491938200466681"
778,"pair/two-band sector",2,"2;3","8482364293764719820849371239046075236793092999889928684847844839584960157776"
779,"pair/two-band sector",2,"2;3","99894460565469603983905711865148344858671560080156139691398422440265681017269"
780,"pair/two-band sector",2,"2;3","2460053467655394811690781182475761588116793390695764221885020763282805298829"
781,"pair/two-band sector",2,"2;3","101353345606073760419008246788528952347265896603517996277595259504528337487637"
782,"pair/two-band sector",2,"2;3","25960902956476773506796809623008381340304275784697618465469641594540450970939"
783,"pair/two-band sector",2,"2;3","64674171115899283068749263650382301582908184445449367269525002363189745251751"
784,"pair/two-band sector",2,"2;3","86405915541667797242007405553386658610676191025329474049151318543853816069439"
785,"pair/two-band sector",2,"2;3","35635633713675747216949395079097130214566530396823071306749502860649834327444"
786,"pair/two-band sector",2,"2;3","27408596649650937215992450545717305217144979582551067171823179153580213381090"
787,"pair/two-band sector",2,"2;3","64272933182698697862979275635519880535370808236809892339460764039738903537083"
788,"pair/two-band sector",2,"2;3","71849217953474053656806014321479709184083011758836412019537019296916252482071"
789,"pair/two-band sector",2,"2;3","65746505483298908571374039070611601070734872658300032317317353533485213167408"
790,"pair/two-band sector",2,"2;3","19355643688644129797132080231120850593216164032832729474626433526217720782090"
791,"pair/two-band sector",2,"2;3","54370841920994479591365679446479196546964171630234130302635120424086736460499"
792,"pair/two-band sector",2,"2;3","71985005880946771950557487059802518347998201940527758652343533371730417182366"
793,"pair/two-band sector",2,"2;3","102866790865064859122403908337432234741068105104676643755657196389276173238700"
794,"pair/two-band sector",2,"2;3","102890850962129735281460582649471463512461500252405756599755374792796602494159"
795,"pair/two-band sector",2,"2;3","109795982709634284464466849625740147859769985948321320668400444845183053227911"
796,"pair/two-band sector",2,"2;3","84836718506905532176096648034631461642705519484987897487682639608897010975214"
797,"pair/two-band sector",2,"2;3","33907413209973782890426011889119946704878674841616235638674435203935087054145"
798,"pair/two-band sector",2,"2;3","88858303040241917303459690521073296640617627112572596546250353985176477894081"
799,"pair/two-band sector",2,"2;3","102795818661662310722026910654765116787343273750208227538729002969602481325421"
800,"pair/two-band sector",2,"2;3","105085779793569675197198505683157051759542020786113512028637272050468399333231"
801,"pair/two-band sector",2,"2;3","11017056707109833012914134301144145120026236453357272474934942598904709397788"
802,"pair/two-band sector",2,"2;3","84835608748371728798697731830544818685287012691718340576555958936948150180931"
803,"pair/two-band sector",2,"2;3","114509170146403059668182653030526222200139737060012692064283881839306964715599"
804,"pair/two-band sector",2,"2;3","2953917386117901310475153851400121743970245279534582706104767780155666784123"
805,"pair/two-band sector",2,"2;3","783483239263892782559923935525526998328121323462108127432844370289461719294"
806,"pair/two-band sector",2,"2;3","3335096829411519233495859676880407611737814096775743446020561655022426713637"
807,"pair/two-band sector",2,"2;3","106504655216154385381257530136596968072253707221736963015443897440336808763616"
808,"pair/two-band sector",2,"2;3","56404067950662877291340667853029969616570188710525737391972464900952747665240"
809,"pair/two-band sector",2,"2;3","66866387121139247014141882709740706095403812460531909545442360983474502821709"
810,"pair/two-band sector",2,"2;3","57057680142446816132984955252413079936254021703669051208371152095472815896807"
811,"pair/two-band sector",2,"2;3","59973835371780134051149420370087346654961358745284007845737987740034981350380"
812,"pair/two-band sector",2,"2;3","10917653363592402107587132184552429472623812043664201201951155950618090842106"
813,"pair/two-band sector",2,"2;3","3805429046141855892847249112011856592016986017211131853254146766421788749134"
814,"pair/two-band sector",2,"2;3","76205352270241142301694740768405151879603812121199511742273038423945577437931"
815,"pair/two-band sector",2,"2;3","14764445262226876333739658746013964819085493780456952636763792849441690506976"
816,"pair/two-band sector",2,"2;3","8414722920468360628179980659824706826642949142660161426649235675002185202825"
817,"pair/two-band sector",2,"2;3","82054797165980917226186310618008323057798311323112837070354601760813415959069"
818,"pair/two-band sector",2,"2;3","40707495319166320773142801644598884173796425047028780018000115695115078403186"
819,"pair/two-band sector",2,"2;3","23632152566742656143833019654366270413736567397169171788281856222366037130333"
820,"pair/two-band sector",2,"2;3","23881994152405432288371917698211722073354229267292791586537934285910957692040"
821,"pair/two-band sector",2,"2;3","72650327874400098580100973413430506405867138992083079391967160377046283219918"
822,"pair/two-band sector",2,"2;3","26837756449684880138223757808575540357864272397017806449011683401086909571874"
823,"pair/two-band sector",2,"2;3","93768766649219793213710200143559711235698655354607497487771424694488789341449"
824,"pair/two-band sector",2,"2;3","61732939317377699011005063481496775529460669105356451343963370866461690906460"
825,"pair/two-band sector",2,"2;3","114175097199457317844398253938698879742970185384769007657003338328293351878487"
826,"pair/two-band sector",2,"2;3","83503369917679741679990319172443598823271389488459679478528940906896638556558"
827,"pair/two-band sector",2,"2;3","108880220192169150903990816394735412841676935479225144989782221178801881790706"
828,"pair/two-band sector",2,"2;3","75026615712302942285268346994348984497845935897164251911815791264175914446754"
829,"pair/two-band sector",2,"2;3","98847673906944591013276654040833198291851204267182001757678848589116907754237"
830,"pair/two-band sector",2,"2;3","113485934840949984030518447963164591635954998676344038465845511089557925976241"
831,"pair/two-band sector",2,"2;3","15158952895668199757422963668392460824925403137717839079185446229509566211898"
832,"pair/two-band sector",2,"2;3","35668974887313575947153192337467396039335496172828851046073655899149107463861"
833,"pair/two-band sector",2,"1;3","85987638480224705430397027484039786119406634022088240368101668938608103321754"
834,"pair/two-band sector",2,"1;3","23845958905915429072609730297031942223814004043018919057690541197125258379595"
835,"pair/two-band sector",2,"1;3","33746076725053828546963307762933890915932575967367020486531074022131500591452"
836,"pair/two-band sector",2,"1;3","106867179346434747580901564141155702844265231751179515061194933292998250095767"
837,"pair/two-band sector",2,"1;3","65217881267763699681401214995207023186706521958846404863233061066150765342466"
838,"pair/two-band sector",2,"1;3","64259439551648848474304444373327058544864203077372835164642059738662142408837"
839,"pair/two-band sector",2,"1;3","27653585263959804359609943011566930228298524212238676725085155602141973454846"
840,"pair/two-band sector",2,"1;3","17614813088132142532220433402056447292555619704033883133449678702962362864830"
841,"pair/two-band sector",2,"1;3","114599579334022812925711714203930324063768386714405820578017334095155506086390"
842,"pair/two-band sector",2,"1;3","47401452842913208117087504525573269199189411988461369874591286668893168588480"
843,"pair/two-band sector",2,"1;3","109562695789713556393833690114861325481636482535079011265790531828504101701069"
844,"pair/two-band sector",2,"1;3","42363832718440889356672593726248180905842157877087224575593462985716693302061"
845,"pair/two-band sector",2,"1;3","72326788961638860795573554570792827884096963653387464153755613828008892491568"
846,"pair/two-band sector",2,"1;3","13209326456462558683465376454040299327463516787997806290249297995912194754407"
847,"pair/two-band sector",2,"1;3","89858680525861870937278353813570040075252931608206326706473168566089725095662"
848,"pair/two-band sector",2,"1;3","99059934287540526505033911704140370568276360794185911747944883692437326614668"
849,"pair/two-band sector",2,"1;3","103142654351195886258701543359407190980768987541986945462263959786729383879887"
850,"pair/two-band sector",2,"1;3","36260538741122740782608533818676756943851562052991474115317480677361571356142"
851,"pair/two-band sector",2,"1;3","8146422747540011265552665161311498468677664621415588420603275365388611916144"
852,"pair/two-band sector",2,"1;3","22317274947615285624818787252626345704229527229474488661643824787037220165266"
853,"pair/two-band sector",2,"1;3","110982341357177999713831009105920837552145334815731518884112774221942174609339"
854,"pair/two-band sector",2,"1;3","40930765880385198642137198986448745216302199559290877934193649256302034236847"
855,"pair/two-band sector",2,"1;3","74621702236383761306885395228252479361698608615945446221003672803399455633577"
856,"pair/two-band sector",2,"1;3","78426803881509242021050792974447052384241518080982794023681905286003894267815"
857,"pair/two-band sector",2,"1;3","104798705346822991755057896628364121339073383708434470915914569758478172922708"
858,"pair/two-band sector",2,"1;3","19063214866776069516029543409438878925148085821969030913789780373901943523928"
859,"pair/two-band sector",2,"1;3","36180596241352001484238378830113478702361114402176264616378848898608707308086"
860,"pair/two-band sector",2,"1;3","51621118054784131114712494824016376858110082100637655602833175778092603328124"
861,"pair/two-band sector",2,"1;3","60147799922230467296665292513453445014998196590526403267824076425094287287953"
862,"pair/two-band sector",2,"1;3","21197181792940802417692943923859279800662532109372457668849607314779049970334"
863,"pair/two-band sector",2,"1;3","104154075919202406152992958947222255134065573282137316299356677537104455662023"
864,"pair/two-band sector",2,"1;3","10651127148254638524850267295156689236342629090476741268918265929372284264295"
865,"pair/two-band sector",2,"1;3","113126481203710294109008515024538949865981503192892106744505597352723876909552"
866,"pair/two-band sector",2,"1;3","29499910988945002477079701027164686563477005651635346753315001526857233618949"
867,"pair/two-band sector",2,"1;3","20722438345926598233179868112319675664750029582334271869303536162711039443917"
868,"pair/two-band sector",2,"1;3","49486075827573669088734316642721370124313546431126671660364070455119617628128"
869,"pair/two-band sector",2,"1;3","20280130774905177170050301212472492779444237323823515375184677985512413195795"
870,"pair/two-band sector",2,"1;3","93635469089527022515115608281323464510721072649603627044023056566104204535544"
871,"pair/two-band sector",2,"1;3","43500286552061383767892680545113007040807773136420464298828278923600944286506"
872,"pair/two-band sector",2,"1;3","80524871569333811133883626649524024534465598465096046018997256992581751236165"
873,"pair/two-band sector",2,"1;3","968368867316412027967152078013248570959583611053834500875099600494364463185"
874,"pair/two-band sector",2,"1;3","12016460485300929641135303938459269803361833160658173878664058661129258166109"
875,"pair/two-band sector",2,"1;3","32499169763104916913138119048451763002355728644535474130062979638974291588518"
876,"pair/two-band sector",2,"1;3","7023513981679966559554031348227182780272465677914086175328367540498126499667"
877,"pair/two-band sector",2,"1;3","100882729893552317844074491521718600593716042014193152996846752493701738924886"
878,"pair/two-band sector",2,"1;3","42361693085965433093176702208983386152699846641788526036628928453102240843313"
879,"pair/two-band sector",2,"1;3","40385419280637533215679177841359269328342524651944120601716286665599860618543"
880,"pair/two-band sector",2,"1;3","88186056461933189163003110656660162997300184657214667956754253470381908328075"
881,"pair/two-band sector",2,"1;3","104358117942007315762944317094099536293705908140268224199612606708552527418999"
882,"pair/two-band sector",2,"1;3","48289664135665683610629742635686763652538439108274651610647332735881451848449"
883,"pair/two-band sector",2,"1;3","70797398863724748036541283491718026653883448683713009977724372850438707249158"
884,"pair/two-band sector",2,"1;3","70504431129300747691250230929899030874372624794779289507182524414441706491392"
885,"pair/two-band sector",2,"1;3","67761409929122297629244496403915011045315072218963698700561396588522730406798"
886,"pair/two-band sector",2,"1;3","70903554354313496707774046446943846015934693704002692350702227618704976648842"
887,"pair/two-band sector",2,"1;3","17760513012481197868545907212245008661295560698418586959834190791002736635770"
888,"pair/two-band sector",2,"1;3","25718524491517260903415780701452444905704700903623734867340169988329911460589"
889,"pair/two-band sector",2,"1;3","109577495626452751393315960773034277265167616261916216707677921393001080706053"
890,"pair/two-band sector",2,"1;3","79881812125633570052516820075048275854616468966091778952354623890232276507358"
891,"pair/two-band sector",2,"1;3","64549237440168614429922041827435044382740301114827131788184714704904678681250"
892,"pair/two-band sector",2,"1;3","22799484111689835988967094895656839344469422119795510142060240371538267577261"
893,"pair/two-band sector",2,"1;3","88211237676048417606699158351562732284019613648224760837403577228899888496935"
894,"pair/two-band sector",2,"1;3","20545273880933725297177787940297993682483569501523001801626566723215203170607"
895,"pair/two-band sector",2,"1;3","96467849086095359879103056787314597531430935910027740096751351417646470611406"
896,"pair/two-band sector",2,"1;3","18479836255097022687422189073988043324432148343740614041358606488669777416058"
897,"pair/two-band sector",2,"1;3","89598295127869178040516405338712393502092991961544591528584870805152677386778"
898,"pair/two-band sector",2,"1;3","113013098002272015700090905147195609838087903184934592609013199082556798971966"
899,"pair/two-band sector",2,"1;3","524049412533852366277140522747973760764181749896426308898948732151692255765"
900,"pair/two-band sector",2,"1;3","3060560660004180270380239659647078874327426255432274347934009858021072913738"
901,"pair/two-band sector",2,"1;3","9472244331190331579552712637935607028478081435769716167577550758291474466129"
902,"pair/two-band sector",2,"1;3","43221573718381176507086836650028506966055330176614068511298505911405958826409"
903,"pair/two-band sector",2,"1;3","6911653635774292705353624453415708078637385108864958608265483665575116692899"
904,"pair/two-band sector",2,"1;3","25163490581501405503683506957762646416917364163586286378919548762825063794925"
905,"pair/two-band sector",2,"1;3","16701177985868349253104502148363565521346210964855873536143605205228309164461"
906,"pair/two-band sector",2,"1;3","98386711621508002501666380883432967116257131811008787199101244987119455456512"
907,"pair/two-band sector",2,"1;3","26762717407911121837373648566554175596671803602251494134173445326305923739755"
908,"pair/two-band sector",2,"1;3","53026802278024654564182740938001737505566396685698207588437268685474147540914"
909,"pair/two-band sector",2,"1;3","48051522886628522500548426785811515826392048175469100508510621556485218646812"
910,"pair/two-band sector",2,"1;3","27153809587696234807857882915068901190836907178484336034466640559563361180860"
911,"pair/two-band sector",2,"1;3","50592667080159962397893644256195667627060274494885410058883568909481847780912"
912,"pair/two-band sector",2,"1;3","21772416690284127726199522101791167440258468496359395827480536147798375261381"
913,"pair/two-band sector",2,"1;3","54099458393063420897498011674581734451423746223871466311900042943457206346431"
914,"pair/two-band sector",2,"1;3","58799392839715473305279850142809863128356669224104101274641260451350757303029"
915,"pair/two-band sector",2,"1;3","7894421981108636214456030223804169598529347003748747605712217379639269309788"
916,"pair/two-band sector",2,"1;3","37056032850948675876076831399703948224652058671641873423287511030416129774546"
917,"pair/two-band sector",2,"1;3","104788524642746129076491587809161655736758998525915044936146307959404378965197"
918,"pair/two-band sector",2,"1;3","14704470620023963746606635806496352900054561935873228211179485382462443466497"
919,"pair/two-band sector",2,"1;3","112323078484658549818930288231802274497213401603546785819205542686009056985043"
920,"pair/two-band sector",2,"1;3","49709521315783255371306503283061931463371143938052723826325068753870818414446"
921,"pair/two-band sector",2,"1;3","112609468696802368205401396566914005065525850405307957615120965646427937735480"
922,"pair/two-band sector",2,"1;3","94127712691300570213886944727917042562017464614047017086692811536031447667481"
923,"pair/two-band sector",2,"1;3","81410831996322667429767314668365840863064358615406593574837094248789891764437"
924,"pair/two-band sector",2,"1;3","76334213918844652764316462450693395565126397687420976175143875983028975610134"
925,"pair/two-band sector",2,"1;3","6059898596174772923297745960049502500420381344051925915313984984030974992974"
926,"pair/two-band sector",2,"1;3","29230567318960593631492019103467978355241498624091067502190769448960095553236"
927,"pair/two-band sector",2,"1;3","102196872857003926518389638120306562044723990168323307048138816262645802852707"
928,"pair/two-band sector",2,"1;3","37549387679531070145625935106212724532073923703625161226759963200097721995108"
929,"pair/two-band sector",2,"1;3","43957421661514758866578837004228239807509843462467695309118679830830728392977"
930,"pair/two-band sector",2,"1;3","86196679875535760236497280693512579819169644538454794228525297274587456606096"
931,"pair/two-band sector",2,"1;3","67736067676609217256129916668104358135127821316122512849623332818740639894298"
932,"pair/two-band sector",2,"1;3","89030705681975430709355163053076268993748122027866782804261144213456502482325"
933,"pair/two-band sector",2,"1;3","10297108079532770252729042464675986869583867233559208607586132850112730686019"
934,"pair/two-band sector",2,"1;3","62549239464934533518103935345528236929359318604942377732716701069655824613803"
935,"pair/two-band sector",2,"1;3","103735047630007655225870136926488925734963515420800588952058019295523595485628"
936,"pair/two-band sector",2,"1;3","111260211892429103000994635910980981126702620070223519673883765636684969358567"
937,"pair/two-band sector",2,"1;3","346628600751624387431717388958887620173400414455352002408261725062913774532"
938,"pair/two-band sector",2,"1;3","111459361662916825784042713086850690008751997710830945283393309791699361205417"
939,"pair/two-band sector",2,"1;3","40702881507930505957226583106223288792134936024440619943857310378673129659000"
940,"pair/two-band sector",2,"1;3","101510285684683325437919240259050597844307476374823352712017020541207128736065"
941,"pair/two-band sector",2,"1;3","36181721157259422125074539290851372767962932298336805394726680578629975834200"
942,"pair/two-band sector",2,"1;3","101501721670612259215762970048458834346868781054845598173055135989672777041629"
943,"pair/two-band sector",2,"1;3","37611156757980443060118600890460180479528969758115462068076461594550487079820"
944,"pair/two-band sector",2,"1;3","106529465358921031915069747757686420461355476110461917034326374964893528953471"
945,"pair/two-band sector",2,"1;3","91385401762826118051676262923999012082496852086291164076588912195557597638460"
946,"pair/two-band sector",2,"1;3","64176284488993367818833764003050441860674310150408654312622975234455672990190"
947,"pair/two-band sector",2,"1;3","73601680821455504839051666503029383197263824921739414103053647417019454251128"
948,"pair/two-band sector",2,"1;3","104653097326539585893274459671782300422693018412086360160125543124183343707639"
949,"pair/two-band sector",2,"1;3","1803235033247621513741925036348001258826658697886980505256146562878215480462"
950,"pair/two-band sector",2,"1;3","13606912687318644743047164287753984615535248438877549678065949470004984390587"
951,"pair/two-band sector",2,"1;3","16621377550206147775873376955743665015476317600704628150471859240498527866251"
952,"pair/two-band sector",2,"1;3","106487234704803966813121848586966347998637260462872507355997827421229785204886"
953,"pair/two-band sector",2,"1;3","78921646119546483166450895607321659616607845256386775922154082451559542407733"
954,"pair/two-band sector",2,"1;3","33104747220503785745702013536347225807340336869462027845768130187403118858566"
955,"pair/two-band sector",2,"1;3","81409950541809010490005700407382300664772074156504205179360110857661436381698"
956,"pair/two-band sector",2,"1;3","41641030173951594500755863653224588252599945475490361551026852894558277904352"
957,"pair/two-band sector",2,"1;3","93089080321972993176938316180117926576756323829508376643136532732025288208472"
958,"pair/two-band sector",2,"1;3","97309113015040500612367797563052072691940418101976836229516523773253344879669"
959,"pair/two-band sector",2,"1;3","44587925651637367664305452825183092332148817212732474597695735554879422871848"
960,"pair/two-band sector",2,"1;3","10840998523602547655267334087209493719952714224683258797048759426019531796047"
961,"pair/two-band sector",2,"2;3","97783611580437114747338521242761835507946088541216999148037587572932717274486"
962,"pair/two-band sector",2,"2;3","74096083830261167300523517238392793288955032344212943178749400058958509530176"
963,"pair/two-band sector",2,"2;3","61144031812010600360758358049402556764295987103521187285072906133211134553124"
964,"pair/two-band sector",2,"2;3","86896162165374386267236602623059153316511583186823042442575868525063618599869"
965,"pair/two-band sector",2,"2;3","46405956903775657015584059005819371930658828535992935662253974309763474752408"
966,"pair/two-band sector",2,"2;3","89308600315720425668320544712300417179790438922404095232651777760628341692020"
967,"pair/two-band sector",2,"2;3","34223777809998781315885018276588663203002656415125609104164542538277732157708"
968,"pair/two-band sector",2,"2;3","96007980945115373633482151241356401719224413225271541380862657969573346382343"
969,"pair/two-band sector",2,"2;3","57358176666471508777080710910650740006144437185797819308611032866497992362488"
970,"pair/two-band sector",2,"2;3","97972094152623195503103482441473326655885456564102162639264070627249911694068"
971,"pair/two-band sector",2,"2;3","83926025540698881365086193443936301031033974668684137970859087242721667040312"
972,"pair/two-band sector",2,"2;3","10279036615518932747649121469789468543401254241385350332050806917496915911934"
973,"pair/two-band sector",2,"2;3","48945825460419308465558661643445301207339020309695779709654104533957084835898"
974,"pair/two-band sector",2,"2;3","23194566804232201249379455161234431210872117846778023570245435200498754119398"
975,"pair/two-band sector",2,"2;3","62207490751868471960344155188051346436072196060797779475095920278990214730669"
976,"pair/two-band sector",2,"2;3","46165885786471948940379991387722410423081541547036860486714763856627173625987"
977,"pair/two-band sector",2,"2;3","66409419855285122723660686963333936336967864151616129574248018237322587416224"
978,"pair/two-band sector",2,"2;3","61139797102247694030336049467812143011270849087157702776552727377835542142909"
979,"pair/two-band sector",2,"2;3","92492028331387620393150140378451023662719987579182792786783672923461479368483"
980,"pair/two-band sector",2,"2;3","9040058366535775750408981275522497273983692162930080471568700470841765593489"
981,"pair/two-band sector",2,"2;3","115370911337772201674367463068776232490285451643200692986857906671414992324844"
982,"pair/two-band sector",2,"2;3","30396297101151833965714391375983732075034389661377681696379670260731711003130"
983,"pair/two-band sector",2,"2;3","52175939643237935787561669906317553906773374269887482583609180351319404039915"
984,"pair/two-band sector",2,"2;3","39998203935960727830724810091743918111183200083508999512917473515946980377517"
985,"pair/two-band sector",2,"2;3","91248526867156006739581187640696863691080362175445561255446181396061416159542"
986,"pair/two-band sector",2,"2;3","83103839620865059664053290364493785304097592801872418863920152154841950418893"
987,"pair/two-band sector",2,"2;3","42697951548002376370112724452974316616270295335196402162298616145685187005901"
988,"pair/two-band sector",2,"2;3","50292284984775904310502116748430154353534763542333897481621933438019493366543"
989,"pair/two-band sector",2,"2;3","114816533717014241029352704021895969737878308170205020107381461911614531219448"
990,"pair/two-band sector",2,"2;3","25469517840133672828250628934204082764536168913601135946862441091730803285222"
991,"pair/two-band sector",2,"2;3","67315779491709657941300387876698916230936406565434754508467947241101273286063"
992,"pair/two-band sector",2,"2;3","41291590622155868431203233893729956660283539571387192837656404697090011929205"
993,"pair/two-band sector",2,"2;3","40617799705403326826876627924416861965879517792278220064768099856172922745165"
994,"pair/two-band sector",2,"2;3","47445200589663981825314082248822102818127104578620023882966730474369913795549"
995,"pair/two-band sector",2,"2;3","11663682663731743528736671983109384921120103519380825234656140468511210507134"
996,"pair/two-band sector",2,"2;3","99757102127955128098186285142572426111133007520770026639809572243226179586909"
997,"pair/two-band sector",2,"2;3","8604989491978739081857545507314775412649933256211029894302860450647752724437"
998,"pair/two-band sector",2,"2;3","29392742625353241600725223116261235914497152929631561726722389293215370489400"
999,"pair/two-band sector",2,"2;3","94210166527427756739118812879727050393043137825461589446464605760202882731809"
1000,"pair/two-band sector",2,"2;3","19318246470524458390336773531091264504074011083926770023825655086468880333533"
1001,"pair/two-band sector",2,"2;3","19581484638482951790931849426940214915118052665998954626862730724717480453629"
1002,"pair/two-band sector",2,"2;3","54688453446767271105968055206248885164794639344420152449573661135277656065357"
1003,"pair/two-band sector",2,"2;3","26077647569628238092134766453541243592657933032757655257358881052908245396101"
1004,"pair/two-band sector",2,"2;3","86720486821670545774237952626623554708537713002689595676640542946128568193632"
1005,"pair/two-band sector",2,"2;3","108966109267085115870628107870129696356062265966997199260499522077092750105957"
1006,"pair/two-band sector",2,"2;3","24546115570770186969847747241492459982344151796724283807090406383651061586133"
1007,"pair/two-band sector",2,"2;3","93830498660415123927253209628159011167069634761970263012491217022870442170539"
1008,"pair/two-band sector",2,"2;3","94836915329423725715756353824878278638585822493841869675160472465433809169493"
1009,"pair/two-band sector",2,"2;3","106800468742966259700858983841898782479641836603564176966738148799205123684292"
1010,"pair/two-band sector",2,"2;3","61947345359317983205960846535277680227270768489604027123458998745796463246334"
1011,"pair/two-band sector",2,"2;3","49910911291594574091288058248950684789919872361061188844087562383448416573225"
1012,"pair/two-band sector",2,"2;3","52126609676885783532858021121385534922173740057496759624674709028172782471"
1013,"pair/two-band sector",2,"2;3","64573707041458755648522214878936957417576105930019847196686422452787500859241"
1014,"pair/two-band sector",2,"2;3","81275424317568312399674213373436490913300395174205840600503592675283566508263"
1015,"pair/two-band sector",2,"2;3","56598135486097823716739323659544813775124457191208372326722577996248242778056"
1016,"pair/two-band sector",2,"2;3","33477365925029826485509169270881000321478778966297770450181893400985425010683"
1017,"pair/two-band sector",2,"2;3","97164709318473040278978376237391114020749769268200297263380789397276877188429"
1018,"pair/two-band sector",2,"2;3","83662212929857321912351502780259118073376128492149475723018452555557225375964"
1019,"pair/two-band sector",2,"2;3","113605627564937390203052355858121015013819916378997159625152449383670126144898"
1020,"pair/two-band sector",2,"2;3","1816103066737573251946240186680680609416127301900325988138894192538772909294"
1021,"pair/two-band sector",2,"2;3","77463921638563870624569346367603414094964693434392770437885843851861257362174"
1022,"pair/two-band sector",2,"2;3","43300528007338101891199286505259775583136647982730504001455610382015366839834"
1023,"pair/two-band sector",2,"2;3","69053199232757200274850431604160506799123509459118434668128879834801393990819"
1024,"pair/two-band sector",2,"2;3","39073438484804658725955372532932076413186823373901723405525395542518147231028"
1025,"pair/two-band sector",2,"2;3","44941773231798504170977649060061334197458225312343409251475679029125007502169"
1026,"pair/two-band sector",2,"2;3","104611843075879725314186209110594609331307797745523780261699939808031283078171"
1027,"pair/two-band sector",2,"2;3","4121358802662961779261666348790077767056229219101023077903426884499818653656"
1028,"pair/two-band sector",2,"2;3","23194558646604271129378996837458143927510217360569042275416821503476077358101"
1029,"pair/two-band sector",2,"2;3","106247683201449710252459105827114784792044683721269648389259009083136552132591"
1030,"pair/two-band sector",2,"2;3","74757423849563033868571093967758358051642582977031744098313755958360150123410"
1031,"pair/two-band sector",2,"2;3","55792226160487981424544767989805156722360518159111656344439050859426204586818"
1032,"pair/two-band sector",2,"2;3","40486029795310948849450890195504747745982849795829242655949325916831207456492"
1033,"pair/two-band sector",2,"2;3","20555118546093320689786617709967761710772275703784561692555385250208527994540"
1034,"pair/two-band sector",2,"2;3","21508260049113097589775515381235591599091671248132472991327893421959360813517"
1035,"pair/two-band sector",2,"2;3","87817481883168482975745310519435473886359153479540758639725469198935298359486"
1036,"pair/two-band sector",2,"2;3","42487364304951526107600754980534612621864817472667194867334613180338464929592"
1037,"pair/two-band sector",2,"2;3","69720247057488689643399360232336719494459035721130141968937544019117559519767"
1038,"pair/two-band sector",2,"2;3","99297344200430854750302500425485467877308586931949589734124125932853713404856"
1039,"pair/two-band sector",2,"2;3","16581838850987017104593092880151036955666625289611019091586934150279771868220"
1040,"pair/two-band sector",2,"2;3","89273865974140160058967876039363075539973708006763769141729866465665802824695"
1041,"pair/two-band sector",2,"2;3","61391750176941154610234161585334758108619989234501105087325584764468808669530"
1042,"pair/two-band sector",2,"2;3","52333204575230657569165093782616672258110807352262511187162337940019633142387"
1043,"pair/two-band sector",2,"2;3","5573561326476260380715992251263962035032796881276388797576060417662388580078"
1044,"pair/two-band sector",2,"2;3","75906163961961366683744732871706270792673047140886605855941322274386127263745"
1045,"pair/two-band sector",2,"2;3","46216567002055984419678620545389900681282744093430356389890676864720376235084"
1046,"pair/two-band sector",2,"2;3","113331931395141935768937054977382316636431911895022943493251447356438025522063"
1047,"pair/two-band sector",2,"2;3","102216402046939304680156909603560805900087044753174800022006715199188586538963"
1048,"pair/two-band sector",2,"2;3","67904764646021622933649826899047155425287263272490488645090891469969694875802"
1049,"pair/two-band sector",2,"2;3","99094624996612546027072238066903441832902808894448442385459395977383084758692"
1050,"pair/two-band sector",2,"2;3","49173834629072467674856023721846044213028099680765514192128861589195328424625"
1051,"pair/two-band sector",2,"2;3","51147544373230233929760107500696369583213921793026472142785325267749123694701"
1052,"pair/two-band sector",2,"2;3","104517710195381773246238738019002284372511878506957860421798696834513167160968"
1053,"pair/two-band sector",2,"2;3","64024008927550244254972768714659971655371209961401019148821765325967105967104"
1054,"pair/two-band sector",2,"2;3","6562885292389287125104059613276069399728446634657424305470683370446003470956"
1055,"pair/two-band sector",2,"2;3","58909738985705173087082938707831373256969882265457862870073116363130468236331"
1056,"pair/two-band sector",2,"2;3","33318294074736572961442287662034027252605624723430027776786016969192014256652"
1057,"pair/two-band sector",2,"2;3","33889140626134875768623466190764209471395738978896917523314459197884084378840"
1058,"pair/two-band sector",2,"2;3","51853668114081048378424461542022790452222112920049179081508929518970779413338"
1059,"pair/two-band sector",2,"2;3","7535248600053116602026212000241790972977453958589474916129015431762505307421"
1060,"pair/two-band sector",2,"2;3","32634122943591728112452578543741330926281242110267202383397311594890113684503"
1061,"pair/two-band sector",2,"2;3","16462272131844700249729127342959015337656331739436538994718293800839894986525"
1062,"pair/two-band sector",2,"2;3","22743832373402215953784070400304482886412226736427278387044588252787580465548"
1063,"pair/two-band sector",2,"2;3","94671967381693983159223938682111879404813725602881695094446420068829088340711"
1064,"pair/two-band sector",2,"2;3","8112428409210840476853789655607249165786118345160595033529022359791212678452"
1065,"pair/two-band sector",2,"2;3","112462334333059713263149813691339897618912259244844711795209767427950965681972"
1066,"pair/two-band sector",2,"2;3","88044608061599844702013100955201377881944695459252543744172056791058974430235"
1067,"pair/two-band sector",2,"2;3","15480834632134083689116063294733081238742932832777587223261727912975221140073"
1068,"pair/two-band sector",2,"2;3","86634289781225323392588869436989005782627961538533228162755511018276264229683"
1069,"pair/two-band sector",2,"2;3","55887030584027588784425221154168915537480201683928342196342209137415807137697"
1070,"pair/two-band sector",2,"2;3","34712365927913079384908076513921712149965760161032326846383735461206002294033"
1071,"pair/two-band sector",2,"2;3","112056538765476176470283328186879223301751902863082846159832672623933348216505"
1072,"pair/two-band sector",2,"2;3","72783887024479543930337803822141471740713785302431847468993028400061663185370"
1073,"pair/two-band sector",2,"2;3","25055083515409418516949668599986640643770342912081382453230192770921829901257"
1074,"pair/two-band sector",2,"2;3","60188990366588718987947684885015094072988215536122756513489524291936050948482"
1075,"pair/two-band sector",2,"2;3","100690134344607582209639404836459495271126203681363282509607133493420416793824"
1076,"pair/two-band sector",2,"2;3","109830319591972032279616738617751590125868852038172336475433269419112225060122"
1077,"pair/two-band sector",2,"2;3","42312525656284546854552139530211457633054679151718727425896580118707551781923"
1078,"pair/two-band sector",2,"2;3","42439762036632522896317940082321706163763866397390488791733903025543552753788"
1079,"pair/two-band sector",2,"2;3","99197550863095764300276369800387401692418400025735092078615332659588598825167"
1080,"pair/two-band sector",2,"2;3","27244372872693845209005129068941536778993455871039182918022409118411117726439"
1081,"pair/two-band sector",2,"2;3","53397663126605708578394327223736093701101752294787534868499171590668836620427"
1082,"pair/two-band sector",2,"2;3","75169940528499318718678751493646571051171938101005758175276496691542162183793"
1083,"pair/two-band sector",2,"2;3","41900132770282342707366523250895710124315046681291019077384216616545599774187"
1084,"pair/two-band sector",2,"2;3","31489976754976858338727796064803980919845678480419570522882208878259406070831"
1085,"pair/two-band sector",2,"2;3","77420924844635882381973756364090846365027317680653644492207969791390764440631"
1086,"pair/two-band sector",2,"2;3","12265838576499628775839551821177211128400395536878461714647473122436464658352"
1087,"pair/two-band sector",2,"2;3","54994399897430665162492584051137432201791484398230690769970240919700534665641"
1088,"pair/two-band sector",2,"2;3","85928381302838752992853996819766149810377147172773863333273116188885534679237"
1089,"center/contact sector",1,"3","20316315841807044287887457544032674640666505042845925492519386209338606733168"
1090,"center/contact sector",1,"3","61317358379487829957223069128630539134976477913389027483106466981292172971372"
1091,"center/contact sector",1,"3","103911641329321534674247136066181260829305038167092981448894599635136893885362"
1092,"center/contact sector",1,"3","43870618581275712898024892608493217491977001174428080907548469987206023548249"
1093,"center/contact sector",1,"3","14656335844776146028809762483361454458266754537766405953827157291980163974193"
1094,"center/contact sector",1,"3","10870237613323564501351354428081539110319161885932092073359814591023125565391"
1095,"center/contact sector",1,"3","42536090935682025683686349270822438608032658492346367506187845876752977589011"
1096,"center/contact sector",1,"3","60984079096447841006873869005627985595434251395661351189442604712751609325348"
1097,"center/contact sector",1,"3","64359686262993687386119006974671626212059533321445991256100271232668717346007"
1098,"center/contact sector",1,"3","15874561481504236316853761094050614922464447551167436180063915017273491314516"
1099,"center/contact sector",1,"3","32767233646746872899340551718515597774877930936129726373705950517968510582011"
1100,"center/contact sector",1,"3","1743356968864956851872695223305072330465555898546993569461599439724560011348"
1101,"center/contact sector",1,"3","68909660360398241606222847817863600596216791957796718012138595864205006551393"
1102,"center/contact sector",1,"3","36261244882591641141593858822161768265878984399091587669158821829444078055441"
1103,"center/contact sector",1,"3","33701392671311788279733454548685155810399291590870301767350295600271632505007"
1104,"center/contact sector",1,"3","17917903516992215495651630151748831239679759325509867832564097589999558776679"
1105,"center/contact sector",1,"1","64331345506392718835664390994955012518501085226750736485909259292597303174361"
1106,"center/contact sector",1,"1","41628647156618698113814020551950768160223137879376112095903022952351714853250"
1107,"center/contact sector",1,"1","17495386356887094892892180588211630272668411410165983865567324965607000521692"
1108,"center/contact sector",1,"1","109790757298846665462711239732126733075778045181681280667296463251417878723361"
1109,"center/contact sector",1,"1","60672186624043976826029752695242011312152094050786257452872345183121383367228"
1110,"center/contact sector",1,"1","7396884339543590716609736312657991562433228509201522004856313770389383271850"
1111,"center/contact sector",1,"1","79983313361761683351110396058828193628733941553242164382662083305156680890246"
1112,"center/contact sector",1,"1","83602000643638404428230657188053845761048396799121773083750914323008973336498"
1113,"center/contact sector",1,"1","26776695479303100550295321134698504514618085317213110203786054201830908123603"
1114,"center/contact sector",1,"1","58074475645810060630748518708234370901882291788737697236371659661203480292765"
1115,"center/contact sector",1,"1","709011105544041405870520163315014935837864725919939268556297534722009067833"
1116,"center/contact sector",1,"1","84842523720529340288845286418614688489454469616793807702641973825455660778934"
1117,"pair/two-band sector",2,"1;2","34175149518374161848524892780499521663229232607417777046569890810853022722348"
1118,"pair/two-band sector",2,"1;2","55696524911420461771964689410070132828319934192530516813089082433781736127579"
1119,"pair/two-band sector",2,"1;2","35058437417502837519356233435365067825924020948226387676287864805558149908319"
1120,"pair/two-band sector",2,"1;2","94265617137575107428622751339138439012457365974594896592673333914682263757631"
1121,"pair/two-band sector",2,"1;2","33612414419263596814058633659450483857089012838776056491311313976726232881382"
1122,"pair/two-band sector",2,"1;2","89609137336619162974661026702424757272610979503986522353292282047943623900137"
1123,"pair/two-band sector",2,"1;2","17122752656206076566532370564801993685612150253353142155751083671850413963546"
1124,"pair/two-band sector",2,"1;2","85269542647480836533812459707035530100431276535311952971572358138899435839087"
1125,"pair/two-band sector",2,"1;2","97216919013899708026520316414894905729729818943015052828335900798954325618921"
1126,"pair/two-band sector",2,"1;2","75101868666525121358557906526352482598492548039207411390991118004928244254440"
1127,"pair/two-band sector",2,"1;2","17358828216233523631580637417091813684118147019718083459010101535385858770785"
1128,"pair/two-band sector",2,"1;2","59625130848503020956151103487680980787884265356724511920178418892099734479089"
1129,"pair/two-band sector",2,"1;2","102438931886484957687793374192077326407075793111037280686585284769809405605159"
1130,"pair/two-band sector",2,"1;2","81225475636750422671322670392283869201673968822092453652162490846890579679468"
1131,"pair/two-band sector",2,"1;2","28655083005415291277698292535336782590610305745901490412219641144064526013989"
1132,"pair/two-band sector",2,"1;2","107678786416085902470792871738961206664210744782789836610058262645409490920841"
1133,"pair/two-band sector",2,"1;2","39844923279225225509105748863100255246719726507156902288229360957798436776439"
1134,"pair/two-band sector",2,"1;2","112070114230134417572975632618335090169279628469379401565278088594022409961355"
1135,"pair/two-band sector",2,"1;2","112733411435307651896265017765540657150675662098810296450039054629112801043059"
1136,"pair/two-band sector",2,"1;2","50543906105834715222078041939655556229197703047963138847217736986837530692947"
1137,"pair/two-band sector",2,"1;2","45856048478208921290395477103404916933624106112676684337159982374635739261752"
1138,"pair/two-band sector",2,"1;2","72574491511789010685498830998419879528722005012369592451186313535024273151910"
1139,"pair/two-band sector",2,"1;2","7024266916978201613972989677303666346887744695234912408568689277486428609789"
1140,"pair/two-band sector",2,"1;2","84378820249011095805090849249099061967061917791513734579931460087116437748557"
1141,"pair/two-band sector",2,"1;3","32636390625202891276187236978427080949367440160708477315221752156633670543756"
1142,"pair/two-band sector",2,"1;3","63413774128611991068384608027187283558351899495796505449429167796612324781977"
1143,"pair/two-band sector",2,"1;3","99224768648699009474819651095909191518973148338580171125303272974017426586658"
1144,"pair/two-band sector",2,"1;3","78414132152124998692557501837874898981989038431384561953513593564913709975429"
1145,"pair/two-band sector",2,"1;3","20643751229321983600515498842155167926251642527884355640189308591810088084817"
1146,"pair/two-band sector",2,"1;3","56305022111998800455179628037500405618259146497973232166504086741641867101619"
1147,"pair/two-band sector",2,"1;3","24345543977670426286709387805506919053310569635862880962297701243223048505727"
1148,"pair/two-band sector",2,"1;3","11988731735972864184214780254651451517257640718543001423666600423083469796654"
1149,"pair/two-band sector",2,"1;3","101069249141469969685625158274082048563150048554768996775863707737573174382717"
1150,"pair/two-band sector",2,"1;3","94014352907798493628026958412653970216613982446227713210326649865535732310216"
1151,"pair/two-band sector",2,"1;3","19418512765736026819445421893090849598034968410575243603912948256127688848683"
1152,"pair/two-band sector",2,"1;3","44812790027411701914973304790193587982555178190070784319324966849942861761176"
1153,"pair/two-band sector",2,"1;3","70242844011809855995327042939892654202972811047279664565450432436556911800062"
1154,"pair/two-band sector",2,"1;3","74319058396789965270682071604918822656487899838838601382077715618970661037661"
1155,"pair/two-band sector",2,"1;3","104546550347195156752269586744845000179013700828900395663778839104166101798958"
1156,"pair/two-band sector",2,"1;3","63724406949764709669819960394018206511538428050994245810964647474690196223953"
1157,"pair/two-band sector",2,"1;3","28148339075980729744388176289505960432426843110739400487294999420591593864074"
1158,"pair/two-band sector",2,"1;3","36898554609493370680786820885354629500877501335051805853775858438086543529901"
1159,"pair/two-band sector",2,"1;3","70984503207339482951763662454225618044091992797798872447302677790206299873868"
1160,"pair/two-band sector",2,"1;3","2216410486185230772505946334432752959116948668376616435499525351538244562375"
1161,"pair/two-band sector",2,"1;3","448275102733027005195996701050859706874032283007813929722504613723030228044"
1162,"pair/two-band sector",2,"1;3","38258615999038548832113568105028915281120633083895692340377916117491224153071"
1163,"pair/two-band sector",2,"1;3","43744633686697343837010958143803271509445461000410239732682809724536882138322"
1164,"pair/two-band sector",2,"1;3","40043312396614394066047453125366603264799127592482217139476361447128765967693"
1165,"pair/two-band sector",2,"1;2","104625314016890813541171063864141981377833698021656781111697706422596107182922"
1166,"pair/two-band sector",2,"1;2","41962878903373700698926476479693809187217857087047749686845203098613994814380"
1167,"pair/two-band sector",2,"1;2","101766708752669596369876721771996050924229547467876254433983884878909550874174"
1168,"pair/two-band sector",2,"1;2","23111969868020073443306997282608447463371865922879480950484021064188957643511"
1169,"pair/two-band sector",2,"1;2","47451652446657955184549603328610502244805676563802608036187786674490121107552"
1170,"pair/two-band sector",2,"1;2","14196159857075847721867126062195941572784666986984294325065576568718485371641"
1171,"pair/two-band sector",2,"1;2","61012864011884043072691975473801787556229612762099121359716135452906205099576"
1172,"pair/two-band sector",2,"1;2","52547882978818632398404817513132966932170568630733493491910253060835321790835"
1173,"pair/two-band sector",2,"1;2","62648626647258986434308626457765994445669130860885121809023340343268981977122"
1174,"pair/two-band sector",2,"1;2","66547433152310191966705708938535190661513984160872276983213155123747628251083"
1175,"pair/two-band sector",2,"1;2","47572169111974643242155303792343563302340393834063108201092377766443737578702"
1176,"pair/two-band sector",2,"1;2","24048608317962909463590955294113861733967386723570803593062911390333207951396"
1177,"pair/two-band sector",2,"1;2","53280634930811924215563045224302346101966408037397045973326622258267606912245"
1178,"pair/two-band sector",2,"1;2","76047131798531253827201748890322150111285692680308368159507160875837382302504"
1179,"pair/two-band sector",2,"1;2","100853324429282620794422925814340169407871633784270268514284018273497853618495"
1180,"pair/two-band sector",2,"1;2","26566107956403766264990289303394784115648095257458209302026377466508743049288"
1181,"pair/two-band sector",2,"1;2","25956141195015345006115190087586870575369126973540182521712961985337490428469"
1182,"pair/two-band sector",2,"1;2","5438079348817225481178577109909145638603912290806569782825483759538981478602"
1183,"pair/two-band sector",2,"1;2","82900635692052698322787036245806496301113954746440654392991410247139290695590"
1184,"pair/two-band sector",2,"1;2","101928885677871284529714272479858878693158957637803303967437913516436457589695"
1185,"pair/two-band sector",2,"1;2","109703843792662073039157965651174222833729912904090198099141949935710675367721"
1186,"pair/two-band sector",2,"1;2","51950121635441707450489021293435264906283590041902867402666862240146762642487"
1187,"pair/two-band sector",2,"1;2","2398887786624654317392292798880417052418468232331894384797086409118147864041"
1188,"pair/two-band sector",2,"1;2","58926901299973210347725800055987863755117143240783417025189449389079614243991"
1189,"center/contact sector",1,"2","45191274700291891580633679322312282811001615421788701846757042176857050470216"
1190,"center/contact sector",1,"2","94368814141857128111393456303709033915979334780865976904525480709280757481923"
1191,"center/contact sector",1,"2","41255817333365076765476763873162950167876088980508253020880059418100460101270"
1192,"center/contact sector",1,"2","49750100276249997010113232906903144951876109330839324186105307711442139658142"
1193,"center/contact sector",1,"2","104472515489388443716241542133025042539768843326983094274787695341208620104878"
1194,"center/contact sector",1,"2","24033506288666540050135366598369527644673237118599205815573363909177774268256"
1195,"center/contact sector",1,"2","6732424511603841035113781110766724628340121469754243957208130977890718797515"
1196,"center/contact sector",1,"2","44940551702799154121250519621599849964192109427561666531179147249242019021265"
1197,"center/contact sector",1,"2","15504836739430684280657313656891143178224618664428664449345323206105179820840"
1198,"center/contact sector",1,"2","52544246221548404774262605037453996674432073897377297604696191754709238429287"
1199,"center/contact sector",1,"2","36642430765958703781754951273058531951060950814859691757307921777842278881461"
1200,"center/contact sector",1,"2","72028063157469904841481682919653132939424835263309608084847858256641770736715"
1201,"pair/two-band sector",2,"2;3","24397993633894806839346211775198120739572408293265332526492504081763120498836"
1202,"pair/two-band sector",2,"2;3","91846401544104296345064518262694150681845154693643505726557574837547692853579"
1203,"pair/two-band sector",2,"2;3","68750106403161322899709903961190362743073334376272384098893187876930228360167"
1204,"pair/two-band sector",2,"2;3","72643213496345157570318147012317648137227245101914160402663732387369164986126"
1205,"pair/two-band sector",2,"2;3","108352070920179869727731245953266528186580474342263923718463609994262429913341"
1206,"pair/two-band sector",2,"2;3","47082743309574374213865556440680793032751203635422580674274219542199685694275"
1207,"pair/two-band sector",2,"2;3","92227773887995189908538609834881433911516158499281810253180349933785874436776"
1208,"pair/two-band sector",2,"2;3","57494575919134238395660999292342070193830892725470976869515828820406215808509"
1209,"pair/two-band sector",2,"2;3","73828492277346052536322041758076291199885347604763855923390909069173984615570"
1210,"pair/two-band sector",2,"2;3","114007289893864740671662954783146666064411407238256841715426510534026075414462"
1211,"pair/two-band sector",2,"2;3","100356232558460506050110782619837166462264517091170143358710402669859562677814"
1212,"pair/two-band sector",2,"2;3","65929819872416994787558448990674652904909926384313174749347972855552711433781"
1213,"pair/two-band sector",2,"2;3","44367420489523551711506033230542532386404405427261197681753581918453239451708"
1214,"pair/two-band sector",2,"2;3","111897481301843798206088621326992185360835849872414863484861457082464624488212"
1215,"pair/two-band sector",2,"2;3","33361139640392147939554403661541854356866745406334097301326497509900767534260"
1216,"pair/two-band sector",2,"2;3","42487215178514943572636925278158709044333015783554523034449888133781587144836"
1217,"pair/two-band sector",2,"2;3","29968630954857536575665615959538835892538686628162593420196801584355593067975"
1218,"pair/two-band sector",2,"2;3","13003364083497883411337479278635601062282615686097886810395699113849638282366"
1219,"pair/two-band sector",2,"2;3","90037159970303042244677315413404279935241318463492001591271046936794350226387"
1220,"pair/two-band sector",2,"2;3","101561337116354454515904647922584367261266562712284653874008722886060140631620"
1221,"pair/two-band sector",2,"2;3","25616151589041227796323879263339136245314595265062841668215824899926706356902"
1222,"pair/two-band sector",2,"2;3","13123777204015771557146184144589616471760350078968519495646433841298635870149"
1223,"pair/two-band sector",2,"2;3","27921818166047419753850825113836398441635764941176452619245365294985799426681"
1224,"pair/two-band sector",2,"2;3","108240798164392577850241468671097315024801798790559193178904811287069086453911"
1225,"pair/two-band sector",2,"1;3","114922440924739275555168424262321741666898562204864698973613558992734068344395"
1226,"pair/two-band sector",2,"1;3","94604946542400030369122336562781750508043721045676510443879564812784367074398"
1227,"pair/two-band sector",2,"1;3","24868058988000915096342214544627758482157303494435324490185060065960234412402"
1228,"pair/two-band sector",2,"1;3","91495594782105032700327567463136634886236678018709885519777505318511912777565"
1229,"pair/two-band sector",2,"1;3","9527647476484524586089284056305309909139417312088531590773221648709462413317"
1230,"pair/two-band sector",2,"1;3","91917279909745325363231493909786570993383417372109057534872739724569724822164"
1231,"pair/two-band sector",2,"1;3","21160543837006349920908182658753369462948892339934449493803206321479957968454"
1232,"pair/two-band sector",2,"1;3","28822270256868686788092661729694038542921658891773543611040240836717529467713"
1233,"pair/two-band sector",2,"1;3","11886020972969295199583990932349107515502670793579165105581433144679874262282"
1234,"pair/two-band sector",2,"1;3","98456949097554154333060927760288853131800397025243769228587373800171461016452"
1235,"pair/two-band sector",2,"1;3","3340246608857085568053596966755136848385825555133782564688072838382080123009"
1236,"pair/two-band sector",2,"1;3","18266984589969343996151364378756479834057153493686494667362971727939628382940"
1237,"pair/two-band sector",2,"1;3","113349519039548163413289236350345515273565239331722985800029812658111048024711"
1238,"pair/two-band sector",2,"1;3","96418675088950402555932089943636631274925033978641233469982774753233647715441"
1239,"pair/two-band sector",2,"1;3","23854055431167522554288240117162545411081666371841852292750272398021473882162"
1240,"pair/two-band sector",2,"1;3","7395284319550503596759265205681978930053681741801761551933456718665773144110"
1241,"pair/two-band sector",2,"1;3","38870835523217617481247116031010523896486300736075914948673849130825772214738"
1242,"pair/two-band sector",2,"1;3","6279285782146129793937070696532438733877728693175876856235841874701481763033"
1243,"pair/two-band sector",2,"1;3","82698514591526017892428150808538819875834510970837317238564446785088165070579"
1244,"pair/two-band sector",2,"1;3","114176837377881556587820146340240547089035577355119888563447755199151597384319"
1245,"pair/two-band sector",2,"1;3","112022495060581012261794053638712525762744943956163048465258542359621434332114"
1246,"pair/two-band sector",2,"1;3","63723984216872391330971432077327713695363642671749773406010132111330560072930"
1247,"pair/two-band sector",2,"1;3","26701398285766868379847950875739887648406720693858833082189733971586732411080"
1248,"pair/two-band sector",2,"1;3","5935810917298387044862828909699901715221224716630850536170453875046382099215"
1249,"pair/two-band sector",2,"2;3","22232131665312252314108861626011620136509496607492876680115663660330443287958"
1250,"pair/two-band sector",2,"2;3","74296535983045257063090365420318821374453222898479079918190180072084178202734"
1251,"pair/two-band sector",2,"2;3","40912048798758588882862089474827924349895352031316370667060144763280018471002"
1252,"pair/two-band sector",2,"2;3","31918586639992664346322141051493419987884004833018562285459723744255108487446"
1253,"pair/two-band sector",2,"2;3","79371120041152780166265222913749976672791027373382702327090107145290497768435"
1254,"pair/two-band sector",2,"2;3","73566672960112973279113413606686528341245335317944573808752696584047876882545"
1255,"pair/two-band sector",2,"2;3","104841438317336178880417408383055890183445595898989135465148083630137792768338"
1256,"pair/two-band sector",2,"2;3","67512197708445986925919193452315846646310285640033832443463007298920983450008"
1257,"pair/two-band sector",2,"2;3","38973591334825528762942683610290207017662915128490619705602295921828038117868"
1258,"pair/two-band sector",2,"2;3","75292291038666533072319863407837937498122120809136210969231202966103157719942"
1259,"pair/two-band sector",2,"2;3","21825550201932472523759219747468120276288219385932444163891871761811701613323"
1260,"pair/two-band sector",2,"2;3","17485195434367900600267705069950979251849225301079721030409132309496391209218"
1261,"pair/two-band sector",2,"2;3","94813940084535070971870410903061932449501945036214503787611492917012568656405"
1262,"pair/two-band sector",2,"2;3","91691765613551122162586024880353043912877767688346246216448242787499568727022"
1263,"pair/two-band sector",2,"2;3","108298728146100581197988278224555475563149528809195922278202572980980078108408"
1264,"pair/two-band sector",2,"2;3","60515135136237470251635808975830698202125123148775769161737242693670134072164"
1265,"pair/two-band sector",2,"2;3","48186614819847393517099641424038030947805967195236369181248205564518561220372"
1266,"pair/two-band sector",2,"2;3","98231876655796434001596973723077931085399668789437249038958562821759877592683"
1267,"pair/two-band sector",2,"2;3","31056019280102934595209363519198121153326970481210469741257776358927474854549"
1268,"pair/two-band sector",2,"2;3","66786670870307999490342773230378891198428269360955548272612976130480577733006"
1269,"pair/two-band sector",2,"2;3","52917749908137061155678334427591390820397398004012987305916630958629769101815"
1270,"pair/two-band sector",2,"2;3","14793965709093731431399121251791127697271876439455465176156751862941256100024"
1271,"pair/two-band sector",2,"2;3","75329070893650680676132990713583490232416996277514267236462098832867710176421"
1272,"pair/two-band sector",2,"2;3","3955652172517432613677845052230433021148134662258790273741557496750323466177"
1273,"center/contact sector",1,"3","110344049923236394361859788288896208123238788599458100033756737109568149384903"
1274,"center/contact sector",1,"3","34549580717409263042966258855206599907209978338181337499684342434592825146127"
1275,"center/contact sector",1,"3","76920379344829239472984458527522591555401561685058762524476956438857475254794"
1276,"center/contact sector",1,"3","97196886561637167467148904525876399434515436148364349947612657003418613075205"
1277,"center/contact sector",1,"3","15767917893709667636494533936867965057033909266501942581191179697373110592201"
1278,"center/contact sector",1,"3","67468304802515217822977412457415403268641144270842116455502998675304910554715"
1279,"center/contact sector",1,"3","30406844652957089306800841376772008155748207835741968893628796066655022763716"
1280,"center/contact sector",1,"3","83228571206109124265061589111040779540525401684863620378362207653788610194575"
1281,"center/contact sector",1,"3","88208738338693449211801806432730171783973595046338080325607051036584350897158"
1282,"center/contact sector",1,"3","62100693193275004111769016584395453022953694934028834478582165314328280675702"
1283,"center/contact sector",1,"3","24815276816698277796681887581358760353915921861877346730050455174682289061092"
1284,"center/contact sector",1,"3","72347882992770158846700698606401483167870671178512943613783556682803306026961"
1285,"center/contact sector",1,"1","99758595779829378622090031850120216540415055513237166050809154806031680520051"
1286,"center/contact sector",1,"1","73720646453242451587576877996365055978125015837944523832810342383944978828387"
1287,"center/contact sector",1,"1","22789942472629056172453602085316427579502863302185873147188036536754645142468"
1288,"center/contact sector",1,"2","46317750656434618649603496451514343990554575613122828579486149056760428470447"
1289,"center/contact sector",1,"2","81770097005294184544419892944679807014876393635078954757392847017357222023447"
1290,"center/contact sector",1,"2","104917741747530574360103261212827880721287220820905904633199739964856917257876"
1291,"center/contact sector",1,"3","68964297605121649304024417671282338437950040063807243202601484396133005652486"
1292,"center/contact sector",1,"3","74333980945983414060733032570032863910710192817727824975566234384845299100366"
1293,"center/contact sector",1,"3","44036630892805632069406797337933855387575268541131290826884351017996326860363"
